,score
Gorgeous,0.00011926672083853931
solid,0.00011926672083853931
north,0.00011926672083853931
greedy,0.00011926672083853931
w/o,0.00011926672083853931
sorry,0.00011926672083853931
electric,0.00011926672083853931
ignored,0.00011926672083853931
twelve,0.00011926672083853931
like,0.00011926672083853931
happy,0.00011926672083853931
clean,0.00011926672083853931
lasting,0.00011926672083853931
rental,0.00011926672083853931
quick,0.00011926672083853931
motivated,0.00011926672083853931
cafe,0.00011926672083853931
trustworthy,0.00011926672083853931
unexplained,0.00011926672083853931
DISAPPOINTED,0.00011926672083853931
competent,0.00011926672083853931
ambitious,0.00011926672083853931
available,0.00011926672083853931
un-useful,0.00011926672083853931
incredible,0.00011926672083853931
classic,0.00011926672083853931
rigid,0.00011926672083853931
custodial,0.00011926672083853931
family-owned,0.00011926672083853931
filthy,0.00011926672083853931
vacant,0.00011926672083853931
sympathetic,0.00011926672083853931
overhead,0.00011926672083853931
slow,0.00011926672083853931
thrilled,0.00011926672083853931
cute,0.00011926672083853931
agent,0.00011926672083853931
additional,0.00011926672083853931
communal,0.00011926672083853931
uneven,0.00011926672083853931
early,0.00011926672083853931
lease,0.00011926672083853931
shut-in,0.00011926672083853931
sure,0.00011926672083853931
spotless,0.00011926672083853931
lucky,0.00011926672083853931
GOOD,0.00011926672083853931
double,0.00011926672083853931
awesome,0.00011926672083853931
dead,0.00011926672083853931
useful,0.00011926672083853931
eager,0.00011926672083853931
low-pressure,0.00011926672083853931
itemized,0.00011926672083853931
1957-1963,0.00011926672083853931
sewer,0.00011926672083853931
generous,0.00011926672083853931
petty,0.00011926672083853931
downstairs,0.00011926672083853931
thankful,0.00011926672083853931
female,0.00011926672083853931
24-hour,0.00011926672083853931
extraordinary,0.00011926672083853931
reflect,0.00011926672083853931
skeptic,0.00011926672083853931
holiday,0.00011926672083853931
no-nonsense,0.00011926672083853931
tight,0.00011926672083853931
salary,0.00011926672083853931
social,0.00011926672083853931
rent-stabilized,0.00011926672083853931
utter,0.00011926672083853931
neglected,0.00011926672083853931
pleasurable,0.00011926672083853931
electric/Somfy,0.00011926672083853931
Modern,0.00011926672083853931
responsible,0.00011926672083853931
unfruitful,0.00011926672083853931
Monthly,0.00011926672083853931
6-8,0.00011926672083853931
frequent,0.00011926672083853931
financial,0.00011926672083853931
foot,0.00011926672083853931
painless,0.00011926672083853931
Amazing,0.00011926672083853931
sheeps,0.00011926672083853931
neglectful,0.00011926672083853931
snug,0.00011926672083853931
criminal,0.00011926672083853931
art,0.00011926672083853931
secure,0.00011926672083853931
informative,0.00011926672083853931
2nd,0.00011926672083853931
realy,0.00011926672083853931
famous,0.00011926672083853931
pros,0.00011926672083853931
free,0.00011926672083853931
careful,0.00011926672083853931
mine,0.00011926672083853931
walkable,0.00011926672083853931
guess,0.00011926672083853931
Responsible,0.00011926672083853931
24th,0.00011926672083853931
five-floor,0.00011926672083853931
Impeccable,0.00011926672083853931
stellar,0.00011926672083853931
favorite,0.00011926672083853931
solar,0.00011926672083853931
plus,0.00011926672083853931
terrific,0.00011926672083853931
nonexistent,0.00011926672083853931
overpriced,0.00011926672083853931
multiple,0.00011926672083853931
quiet,0.00011926672083853931
state-of-the-art,0.00011926672083853931
notorious,0.00011926672083853931
rid,0.00011926672083853931
effective,0.00011926672083853931
Whole,0.00011926672083853931
digital,0.00011926672083853931
shady-as-all-get-out,0.00011926672083853931
Related,0.00011926672083853931
Luxurious,0.00011926672083853931
hot,0.00011926672083853931
iconic,0.00011926672083853931
disastrous,0.00011926672083853931
collective,0.00011926672083853931
2013-2017,0.00011926672083853931
moved,0.00011926672083853931
sweeping,0.00011926672083853931
residential,0.00011926672083853931
so-called,0.00011926672083853931
beautiful,0.00011926672083853931
Unbelievable,0.00011926672083853931
current,0.00011926672083853931
Big,0.00011926672083853931
two-level,0.00011926672083853931
fly,0.00011926672083853931
realist'My,0.00011926672083853931
heavy,0.00011926672083853931
administrative,0.00011926672083853931
accessible,0.00011926672083853931
high-end,0.00011926672083853931
single,0.00011926672083853931
ideal,0.00011926672083853931
disabled,0.00011926672083853931
FABULOUS,0.00011926672083853931
in-person,0.00011926672083853931
disgruntled,0.00011926672083853931
afraid,0.00011926672083853931
5-10,0.00011926672083853931
recent,0.00011926672083853931
central,0.00011926672083853931
polite,0.00011926672083853931
direct,0.00011926672083853931
floral,0.00011926672083853931
Awful,0.00011926672083853931
complete,0.00011926672083853931
prompt,0.00011926672083853931
dirty,0.00011926672083853931
full,0.00011926672083853931
],0.00011926672083853931
unanswered,0.00011926672083853931
serious,0.00011926672083853931
thereI,0.00011926672083853931
approachable,0.00011926672083853931
entire,0.00011926672083853931
timely,0.00011926672083853931
impressive,0.00011926672083853931
11pm-5am,0.00011926672083853931
quicklyNadya,0.00011926672083853931
pet-friendly,0.00011926672083853931
twisted,0.00011926672083853931
seemed,0.00011926672083853931
diverse,0.00011926672083853931
American,0.00011926672083853931
Short,0.00011926672083853931
build,0.00011926672083853931
re-grouted,0.00011926672083853931
non-payment,0.00011926672083853931
uncaring,0.00011926672083853931
bush,0.00011926672083853931
Reasonable,0.00011926672083853931
key,0.00011926672083853931
mess,0.00011926672083853931
total,0.00011926672083853931
Aware,0.00011926672083853931
reasonably,0.00011926672083853931
leafy,0.00011926672083853931
vast,0.00011926672083853931
lifelong,0.00011926672083853931
lively,0.00011926672083853931
gentleman,0.00011926672083853931
understanding,0.00011926672083853931
multi-floored,0.00011926672083853931
upper,0.00011926672083853931
gorgeous,0.00011926672083853931
general,0.00011926672083853931
thoroughly,0.00011926672083853931
short,0.00011926672083853931
unreal,0.00011926672083853931
wellWe,0.00011926672083853931
unexpectedly,0.00011926672083853931
rude-,0.00011926672083853931
advanced,0.00011926672083853931
long,0.00011926672083853931
old,0.00011926672083853931
scams,0.00011926672083853931
lazy,0.00011926672083853931
true,0.00011926672083853931
dual,0.00011926672083853931
virtual,0.00011926672083853931
fianc√©,0.00011926672083853931
couple,0.00011926672083853931
electronic,0.00011926672083853931
curly,0.00011926672083853931
odd,0.00011926672083853931
Free,0.00011926672083853931
harsh,0.00011926672083853931
black,0.00011926672083853931
trainPlus,0.00011926672083853931
delightful,0.00011926672083853931
Fantastic,0.00011926672083853931
touch,0.00011926672083853931
huge,0.00011926672083853931
*,0.00011926672083853931
serviceI,0.00011926672083853931
weehawken,0.00011926672083853931
unwilling,0.00011926672083853931
side,0.00011926672083853931
hard-working,0.00011926672083853931
rare,0.00011926672083853931
false,0.00011926672083853931
interesting,0.00011926672083853931
horrendous,0.00011926672083853931
constant,0.00011926672083853931
lofts,0.00011926672083853931
hands-down,0.00011926672083853931
cruel,0.00011926672083853931
AMAZING,0.00011926672083853931
welcoming,0.00011926672083853931
amazing-,0.00011926672083853931
knowledgable,0.00011926672083853931
fun,0.00011926672083853931
installing,0.00011926672083853931
Small,0.00011926672083853931
affordable,0.00011926672083853931
armed,0.00011926672083853931
exceptional,0.00011926672083853931
tremendous,0.00011926672083853931
supportive,0.00011926672083853931
god,0.00011926672083853931
exact,0.00011926672083853931
5-start,0.00011926672083853931
Unfortunately,0.00011926672083853931
punctual,0.00011926672083853931
thousand,0.00011926672083853931
accommodated,0.00011926672083853931
loudGreat,0.00011926672083853931
stressful,0.00011926672083853931
outdated,0.00011926672083853931
Mold,0.00011926672083853931
well-keptMoving,0.00011926672083853931
pleasant,0.00011926672083853931
non-existent,0.00011926672083853931
WHOLE,0.00011926672083853931
home-buying,0.00011926672083853931
miraculous,0.00011926672083853931
1-,0.00011926672083853931
former,0.00011926672083853931
Second,0.00011926672083853931
lead,0.00011926672083853931
locationI,0.00011926672083853931
passed,0.00011926672083853931
employ,0.00011926672083853931
awhile,0.00011926672083853931
sweet,0.00011926672083853931
videos,0.00011926672083853931
rational,0.00011926672083853931
passable,0.00011926672083853931
shuttle,0.00011926672083853931
impressed,0.00011926672083853931
guilty,0.00011926672083853931
full-time,0.00011926672083853931
@,0.00011926672083853931
couldnt,0.00011926672083853931
inconsiderate,0.00011926672083853931
horrid,0.00011926672083853931
Clean,0.00011926672083853931
lb,0.00011926672083853931
bossy,0.00011926672083853931
important,0.00011926672083853931
organizational,0.00011926672083853931
common,0.00011926672083853931
wooden,0.00011926672083853931
ave,0.00011926672083853931
Beautiful,0.00011926672083853931
apt,0.00011926672083853931
two-bedroom,0.00011926672083853931
+,0.00011926672083853931
African-American,0.00011926672083853931
nostalgic,0.00011926672083853931
unnerving,0.00011926672083853931
massive,0.00011926672083853931
waitingGreat,0.00011926672083853931
Canal,0.00011926672083853931
'top,0.00011926672083853931
nameless,0.00011926672083853931
obscene,0.00011926672083853931
in-unit,0.00011926672083853931
Amenity-rich,0.00011926672083853931
non,0.00011926672083853931
nonsense,0.00011926672083853931
tub,0.00011926672083853931
tenant,0.00011926672083853931
terrible,0.00011926672083853931
nasty,0.00011926672083853931
window,0.00011926672083853931
-In-Unit,0.00011926672083853931
illegal,0.00011926672083853931
best-in,0.00011926672083853931
frantic,0.00011926672083853931
tiny,0.00011926672083853931
furnished,0.00011926672083853931
personable,0.00011926672083853931
let,0.00011926672083853931
unreasonable,0.00011926672083853931
undetermined,0.00011926672083853931
acrylic,0.00011926672083853931
transparent,0.00011926672083853931
screen,0.00011926672083853931
professional,0.00011926672083853931
dry,0.00011926672083853931
reliable,0.00011926672083853931
handy,0.00011926672083853931
impeccable,0.00011926672083853931
uninhabitable,0.00011926672083853931
drama,0.00011926672083853931
candid,0.00011926672083853931
top,0.00011926672083853931
premium,0.00011926672083853931
turned,0.00011926672083853931
So-so,0.00011926672083853931
bright,0.00011926672083853931
skeptical,0.00011926672083853931
cheap,0.00011926672083853931
Well-maintained,0.00011926672083853931
sarcatic,0.00011926672083853931
deep,0.00011926672083853931
unfulfilled,0.00011926672083853931
prestige,0.00011926672083853931
ft,0.00011926672083853931
1pm-7pm,0.00011926672083853931
simple,0.00011926672083853931
Original,0.00011926672083853931
mucky,0.00011926672083853931
astronomical,0.00011926672083853931
difficult,0.00011926672083853931
first,0.00011926672083853931
normal,0.00011926672083853931
rear,0.00011926672083853931
Sure,0.00011926672083853931
wrong,0.00011926672083853931
alsoYou,0.00011926672083853931
daunting,0.00011926672083853931
williamsburg,0.00011926672083853931
smooth,0.00011926672083853931
positive,0.00011926672083853931
hysterical,0.00011926672083853931
abrasive,0.00011926672083853931
unlimited,0.00011926672083853931
urgent,0.00011926672083853931
2-day,0.00011926672083853931
offensive,0.00011926672083853931
unnecessary,0.00011926672083853931
historical,0.00011926672083853931
Well-built,0.00011926672083853931
electrical,0.00011926672083853931
super-tenant,0.00011926672083853931
Spacious,0.00011926672083853931
warm,0.00011926672083853931
straight,0.00011926672083853931
apprehensive,0.00011926672083853931
re-signed,0.00011926672083853931
horrible,0.00011926672083853931
semi-limited,0.00011926672083853931
Junior,0.00011926672083853931
rent,0.00011926672083853931
lost,0.00011926672083853931
sorta,0.00011926672083853931
2-3,0.00011926672083853931
diluted,0.00011926672083853931
confused,0.00011926672083853931
listing,0.00011926672083853931
contaminated,0.00011926672083853931
hood,0.00011926672083853931
UG-LEE,0.00011926672083853931
cold,0.00011926672083853931
proper,0.00011926672083853931
Summary,0.00011926672083853931
diversified,0.00011926672083853931
near,0.00011926672083853931
absent,0.00011926672083853931
welcome,0.00011926672083853931
busy,0.00011926672083853931
mold,0.00011926672083853931
east,0.00011926672083853931
usual,0.00011926672083853931
appreciative,0.00011926672083853931
respond,0.00011926672083853931
cool,0.00011926672083853931
numerous,0.00011926672083853931
city-,0.00011926672083853931
bushy-tailed,0.00011926672083853931
upcoming,0.00011926672083853931
honest,0.00011926672083853931
Spanish,0.00011926672083853931
stable,0.00011926672083853931
crazy,0.00011926672083853931
absolute,0.00011926672083853931
upscale,0.00011926672083853931
rude,0.00011926672083853931
stunning,0.00011926672083853931
Obsessive,0.00011926672083853931
final,0.00011926672083853931
agree,0.00011926672083853931
glue,0.00011926672083853931
custom,0.00011926672083853931
misleading,0.00011926672083853931
unemployed,0.00011926672083853931
international,0.00011926672083853931
disassemble,0.00011926672083853931
Excellent,0.00011926672083853931
stayAWFUL,0.00011926672083853931
upgrading,0.00011926672083853931
Ridiculous,0.00011926672083853931
luxurious,0.00011926672083853931
enjoyable,0.00011926672083853931
immaculate,0.00011926672083853931
little,0.00011926672083853931
5-star,0.00011926672083853931
precious,0.00011926672083853931
Management,0.00011926672083853931
NOT,0.00011926672083853931
scary,0.00011926672083853931
Lucerne,0.00011926672083853931
kitchen,0.00011926672083853931
brief,0.00011926672083853931
700-800k,0.00011926672083853931
ahold,0.00011926672083853931
web,0.00011926672083853931
booked,0.00011926672083853931
fabulous,0.00011926672083853931
Last,0.00011926672083853931
in-building,0.00011926672083853931
reasonable,0.00011926672083853931
2-,0.00011926672083853931
2-1/2,0.00011926672083853931
Unreliable,0.00011926672083853931
Update,0.00011926672083853931
corrupt,0.00011926672083853931
super,0.00011926672083853931
Outdoor,0.00011926672083853931
French,0.00011926672083853931
adorable,0.00011926672083853931
sleek,0.00011926672083853931
light,0.00011926672083853931
left,0.00011926672083853931
Quick,0.00011926672083853931
dot,0.00011926672083853931
local,0.00011926672083853931
life-saver,0.00011926672083853931
truly,0.00011926672083853931
UNETHICAL,0.00011926672083853931
cramped,0.00011926672083853931
amazing,0.00011926672083853931
comparable,0.00011926672083853931
bogus,0.00011926672083853931
unfurnished,0.00011926672083853931
Damian,0.00011926672083853931
upstate,0.00011926672083853931
8th,0.00011926672083853931
licensed,0.00011926672083853931
quirky,0.00011926672083853931
incompetent,0.00011926672083853931
low,0.00011926672083853931
illegitimate,0.00011926672083853931
strict,0.00011926672083853931
glorified,0.00011926672083853931
desperate,0.00011926672083853931
patient,0.00011926672083853931
reduced,0.00011926672083853931
potential,0.00011926672083853931
judgmental,0.00011926672083853931
pure,0.00011926672083853931
funeral,0.00011926672083853931
lap,0.00011926672083853931
grateful,0.00011926672083853931
Awesome,0.00011926672083853931
ppl,0.00011926672083853931
overall,0.00011926672083853931
detailed,0.00011926672083853931
scammy,0.00011926672083853931
upon,0.00011926672083853931
gracious,0.00011926672083853931
mental,0.00011926672083853931
worth,0.00011926672083853931
mid-July,0.00011926672083853931
basement,0.00011926672083853931
main,0.00011926672083853931
representative,0.00011926672083853931
na,0.00011926672083853931
cosmetic,0.00011926672083853931
clear,0.00011926672083853931
unsure,0.00011926672083853931
insanely,0.00011926672083853931
functional,0.00011926672083853931
ready,0.00011926672083853931
Scam,0.00011926672083853931
organized,0.00011926672083853931
technician,0.00011926672083853931
pandemic,0.00011926672083853931
top-notch,0.00011926672083853931
instrumental,0.00011926672083853931
enjoyed,0.00011926672083853931
rough,0.00011926672083853931
ZERO,0.00011926672083853931
new,0.00011926672083853931
mislead,0.00011926672083853931
disposable,0.00011926672083853931
proactive,0.00011926672083853931
responsable,0.00011926672083853931
Few,0.00011926672083853931
circular,0.00011926672083853931
sq,0.00011926672083853931
arrogant,0.00011926672083853931
shitty,0.00011926672083853931
flush,0.00011926672083853931
essential,0.00011926672083853931
resident,0.00011926672083853931
fine,0.00011926672083853931
big,0.00011926672083853931
Other,0.00011926672083853931
wish,0.00011926672083853931
usefull,0.00011926672083853931
unique,0.00011926672083853931
excessive,0.00011926672083853931
suspicious,0.00011926672083853931
longtime,0.00011926672083853931
respectful,0.00011926672083853931
wonderful,0.00011926672083853931
Little,0.00011926672083853931
laundry,0.00011926672083853931
citizen,0.00011926672083853931
dangerous,0.00011926672083853931
unfinished,0.00011926672083853931
lite,0.00011926672083853931
faint,0.00011926672083853931
many,0.00011926672083853931
grand,0.00011926672083853931
snake,0.00011926672083853931
give,0.00011926672083853931
updated,0.00011926672083853931
excited,0.00011926672083853931
fixed,0.00011926672083853931
Famous,0.00011926672083853931
simcha,0.00011926672083853931
kind-,0.00011926672083853931
overheated,0.00011926672083853931
west,0.00011926672083853931
bloody,0.00011926672083853931
Negative,0.00011926672083853931
4-6,0.00011926672083853931
gotten,0.00011926672083853931
unparalleled,0.00011926672083853931
Nice,0.00011926672083853931
various,0.00011926672083853931
RE,0.00011926672083853931
decent/pleasant,0.00011926672083853931
allotted,0.00011926672083853931
individual,0.00011926672083853931
Next,0.00011926672083853931
piers/walk/ride,0.00011926672083853931
live,0.00011926672083853931
recreational,0.00011926672083853931
Secur-A-Door,0.00011926672083853931
pre-2021,0.00011926672083853931
splendid,0.00011926672083853931
overpriced-,0.00011926672083853931
avid,0.00011926672083853931
zero,0.00011926672083853931
33-52,0.00011926672083853931
pragmatic,0.00011926672083853931
Response,0.00011926672083853931
BLISSFUL,0.00011926672083853931
roof,0.00011926672083853931
cautious,0.00011926672083853931
Good,0.00011926672083853931
Stylish,0.00011926672083853931
pleased,0.00011926672083853931
do-not-call,0.00011926672083853931
Responsive,0.00011926672083853931
willing,0.00011926672083853931
awayMy,0.00011926672083853931
good,0.00011926672083853931
live-in,0.00011926672083853931
used,0.00011926672083853931
Incredible,0.00011926672083853931
bad,0.00011926672083853931
magical,0.00011926672083853931
acceptable,0.00011926672083853931
old-world,0.00011926672083853931
second,0.00011926672083853931
authentic,0.00011926672083853931
incessant,0.00011926672083853931
first-time,0.00011926672083853931
popular,0.00011926672083853931
weird,0.00011926672083853931
Many,0.00011926672083853931
aka,0.00011926672083853931
high-quality,0.00011926672083853931
major,0.00011926672083853931
washing,0.00011926672083853931
aware,0.00011926672083853931
skylight,0.00011926672083853931
4th,0.00011926672083853931
continuous,0.00011926672083853931
miserable,0.00011926672083853931
borderline,0.00011926672083853931
14th,0.00011926672083853931
white,0.00011926672083853931
safe,0.00011926672083853931
friendly,0.00011926672083853931
litigious,0.00011926672083853931
self-guided,0.00011926672083853931
Dangerous,0.00011926672083853931
semi,0.00011926672083853931
wallpaper,0.00011926672083853931
Expensive,0.00011926672083853931
late,0.00011926672083853931
grumpy/unresponsive/pushy,0.00011926672083853931
phenomenal,0.00011926672083853931
lit,0.00011926672083853931
withSasha,0.00011926672083853931
flex,0.00011926672083853931
al,0.00011926672083853931
next,0.00011926672083853931
condo/coop,0.00011926672083853931
ur,0.00011926672083853931
comfortable,0.00011926672083853931
leasing,0.00011926672083853931
funny,0.00011926672083853931
flexible,0.00011926672083853931
minimal,0.00011926672083853931
Live,0.00011926672083853931
approved,0.00011926672083853931
swift,0.00011926672083853931
different,0.00011926672083853931
self-serving,0.00011926672083853931
alive,0.00011926672083853931
12-month,0.00011926672083853931
Green,0.00011926672083853931
35th,0.00011926672083853931
friend,0.00011926672083853931
Unparallel,0.00011926672083853931
LIAR,0.00011926672083853931
particular,0.00011926672083853931
internship,0.00011926672083853931
5th,0.00011926672083853931
brookliv,0.00011926672083853931
back,0.00011926672083853931
Easy,0.00011926672083853931
necessary,0.00011926672083853931
shoe,0.00011926672083853931
unlivable,0.00011926672083853931
cooperative,0.00011926672083853931
green,0.00011926672083853931
irresponsible,0.00011926672083853931
awful,0.00011926672083853931
high-rise,0.00011926672083853931
moving,0.00011926672083853931
commercial,0.00011926672083853931
interested,0.00011926672083853931
Close,0.00011926672083853931
craphole,0.00011926672083853931
random,0.00011926672083853931
ok,0.00011926672083853931
last-minute,0.00011926672083853931
last,0.00011926672083853931
delicious,0.00011926672083853931
1st,0.00011926672083853931
apathetic,0.00011926672083853931
jokeLong,0.00011926672083853931
goth,0.00011926672083853931
Classic,0.00011926672083853931
thee,0.00011926672083853931
future,0.00011926672083853931
much,0.00011926672083853931
eclectic,0.00011926672083853931
wild,0.00011926672083853931
reponisve,0.00011926672083853931
livable,0.00011926672083853931
useless,0.00011926672083853931
50th,0.00011926672083853931
go-to,0.00011926672083853931
dark,0.00011926672083853931
classy,0.00011926672083853931
expensive,0.00011926672083853931
overseas,0.00011926672083853931
okay,0.00011926672083853931
e-mail,0.00011926672083853931
unpleasant,0.00011926672083853931
wolf,0.00011926672083853931
recorded,0.00011926672083853931
one-month-old,0.00011926672083853931
Quiet,0.00011926672083853931
exquisite,0.00011926672083853931
tempered,0.00011926672083853931
Friendly,0.00011926672083853931
attentive,0.00011926672083853931
chaotic,0.00011926672083853931
Urban,0.00011926672083853931
routine,0.00011926672083853931
lovable,0.00011926672083853931
electrician,0.00011926672083853931
decent,0.00011926672083853931
Architectural,0.00011926672083853931
active,0.00011926672083853931
fraudulent,0.00011926672083853931
treated,0.00011926672083853931
boutique,0.00011926672083853931
beloved,0.00011926672083853931
cozy,0.00011926672083853931
2-bedroom,0.00011926672083853931
10-15,0.00011926672083853931
typical,0.00011926672083853931
glad,0.00011926672083853931
weekly,0.00011926672083853931
First-,0.00011926672083853931
high,0.00011926672083853931
dishonest,0.00011926672083853931
mid-2012,0.00011926672083853931
cordial,0.00011926672083853931
fresh,0.00011926672083853931
smoke,0.00011926672083853931
thoroughBeen,0.00011926672083853931
strategic,0.00011926672083853931
Every,0.00011926672083853931
pro-active,0.00011926672083853931
blow,0.00011926672083853931
Dual,0.00011926672083853931
inadequate,0.00011926672083853931
front,0.00011926672083853931
first-,0.00011926672083853931
personal,0.00011926672083853931
bc,0.00011926672083853931
prior,0.00011926672083853931
neighboring,0.00011926672083853931
pro,0.00011926672083853931
non-New,0.00011926672083853931
easy,0.00011926672083853931
shady,0.00011926672083853931
fair,0.00011926672083853931
ample,0.00011926672083853931
-2,0.00011926672083853931
spectacular,0.00011926672083853931
racist,0.00011926672083853931
co,0.00011926672083853931
unprofessional,0.00011926672083853931
fakeHorrible,0.00011926672083853931
trim,0.00011926672083853931
enthusiastic,0.00011926672083853931
neat,0.00011926672083853931
anywhere,0.00011926672083853931
tall,0.00011926672083853931
Happy,0.00011926672083853931
familiar,0.00011926672083853931
2-year,0.00011926672083853931
on-site,0.00011926672083853931
friendlyVery,0.00011926672083853931
self-respecting,0.00011926672083853931
perplexed,0.00011926672083853931
customer/tenant,0.00011926672083853931
sound,0.00011926672083853931
Impossible,0.00011926672083853931
Near-zero,0.00011926672083853931
limited,0.00011926672083853931
online,0.00011926672083853931
tricky,0.00011926672083853931
welcomed,0.00011926672083853931
pigeon,0.00011926672083853931
0,0.00011926672083853931
sad,0.00011926672083853931
reputable,0.00011926672083853931
extra,0.00011926672083853931
gut,0.00011926672083853931
W21st,0.00011926672083853931
ad-hoc,0.00011926672083853931
Great,0.00011926672083853931
Decent,0.00011926672083853931
sticky,0.00011926672083853931
spacious,0.00011926672083853931
ive,0.00011926672083853931
built-in,0.00011926672083853931
off-color,0.00011926672083853931
draw,0.00011926672083853931
pricey,0.00011926672083853931
hk,0.00011926672083853931
fancy,0.00011926672083853931
average,0.00011926672083853931
involved,0.00011926672083853931
standard,0.00011926672083853931
abhorrent,0.00011926672083853931
bumpy,0.00011926672083853931
buildingHigh,0.00011926672083853931
carpeted,0.00011926672083853931
update,0.00011926672083853931
accommodating,0.00011926672083853931
pained,0.00011926672083853931
Horrible,0.00011926672083853931
rooftop,0.00011926672083853931
need,0.00011926672083853931
permanent,0.00011926672083853931
third,0.00011926672083853931
timeDont,0.00011926672083853931
tranquil,0.00011926672083853931
prospective,0.00011926672083853931
dorm-like,0.00011926672083853931
communicative,0.00011926672083853931
Irresponsible,0.00011926672083853931
fake,0.00011926672083853931
unequal,0.00011926672083853931
Overall,0.00011926672083853931
in-room,0.00011926672083853931
empty,0.00011926672083853931
stressed,0.00011926672083853931
problematic,0.00011926672083853931
worst,0.00011926672083853931
birthday,0.00011926672083853931
unsolicited,0.00011926672083853931
interior,0.00011926672083853931
complex,0.00011926672083853931
promising,0.00011926672083853931
Russian,0.00011926672083853931
similar,0.00011926672083853931
original,0.00011926672083853931
enough,0.00011926672083853931
fantastic,0.00011926672083853931
inherent,0.00011926672083853931
amateur,0.00011926672083853931
inner,0.00011926672083853931
annual,0.00011926672083853931
nervous,0.00011926672083853931
fellow,0.00011926672083853931
one-sided,0.00011926672083853931
Wonderful,0.00011926672083853931
inexcusable,0.00011926672083853931
creative,0.00011926672083853931
hesitant,0.00011926672083853931
boy,0.00011926672083853931
talented,0.00011926672083853931
door,0.00011926672083853931
prewar,0.00011926672083853931
meticulous,0.00011926672083853931
unreliable,0.00011926672083853931
knows-,0.00011926672083853931
human,0.00011926672083853931
Atrocious,0.00011926672083853931
propert,0.00011926672083853931
pristine,0.00011926672083853931
obvious,0.00011926672083853931
Things,0.00011926672083853931
noise,0.00011926672083853931
special,0.00011926672083853931
disappointed,0.00011926672083853931
private,0.00011926672083853931
gun-flashing,0.00011926672083853931
uncommunicative,0.00011926672083853931
pet,0.00011926672083853931
selfie,0.00011926672083853931
upstairs,0.00011926672083853931
fire-pit,0.00011926672083853931
established,0.00011926672083853931
nightclub,0.00011926672083853931
knowable,0.00011926672083853931
nice,0.00011926672083853931
avenue,0.00011926672083853931
fall,0.00011926672083853931
grabbed,0.00011926672083853931
great-,0.00011926672083853931
material,0.00011926672083853931
waiting,0.00011926672083853931
clam,0.00011926672083853931
fortunate,0.00011926672083853931
predatory,0.00011926672083853931
severe,0.00011926672083853931
slimy,0.00011926672083853931
accommodative,0.00011926672083853931
rich,0.00011926672083853931
corporate,0.00011926672083853931
unresponsive,0.00011926672083853931
capable,0.00011926672083853931
angry,0.00011926672083853931
painful,0.00011926672083853931
inside,0.00011926672083853931
obnoxious,0.00011926672083853931
satisfied,0.00011926672083853931
married,0.00011926672083853931
significant,0.00011926672083853931
table,0.00011926672083853931
sufficient,0.00011926672083853931
decrepit,0.00011926672083853931
initial,0.00011926672083853931
[,0.00011926672083853931
Spectacular,0.00011926672083853931
claimsHorrible,0.00011926672083853931
bright-eyed,0.00011926672083853931
pipe,0.00011926672083853931
wary,0.00011926672083853931
close,0.00011926672083853931
antique,0.00011926672083853931
redeemable,0.00011926672083853931
mattress,0.00011926672083853931
Loud,0.00011926672083853931
greasy,0.00011926672083853931
panoramic,0.00011926672083853931
unable,0.00011926672083853931
Positive,0.00011926672083853931
convenient,0.00011926672083853931
vested,0.00011926672083853931
concerned,0.00011926672083853931
subway,0.00011926672083853931
brick,0.00011926672083853931
informed,0.00011926672083853931
co-op,0.00011926672083853931
sexy,0.00011926672083853931
outstanding,0.00011926672083853931
prohibitive,0.00011926672083853931
uncomfortable,0.00011926672083853931
mutual,0.00011926672083853931
mid,0.00011926672083853931
wasted,0.00011926672083853931
perfect,0.00011926672083853931
dormant,0.00011926672083853931
responsive,0.00011926672083853931
marvelous,0.00011926672083853931
courteous,0.00011926672083853931
pregnant,0.00011926672083853931
sloppy,0.00011926672083853931
airbnb,0.00011926672083853931
sh,0.00011926672083853931
overdue,0.00011926672083853931
mixed,0.00011926672083853931
consistent,0.00011926672083853931
minimum,0.00011926672083853931
on-time,0.00011926672083853931
family/young,0.00011926672083853931
West,0.00011926672083853931
10th,0.00011926672083853931
square,0.00011926672083853931
MANY,0.00011926672083853931
tough,0.00011926672083853931
Long,0.00011926672083853931
text,0.00011926672083853931
Rent,0.00011926672083853931
efficient,0.00011926672083853931
thumb,0.00011926672083853931
nice-ish,0.00011926672083853931
YOUR,0.00011926672083853931
large,0.00011926672083853931
maintained,0.00011926672083853931
ONLY,0.00011926672083853931
metro,0.00011926672083853931
thoughtful,0.00011926672083853931
Rude,0.00011926672083853931
anguish,0.00011926672083853931
peaceful,0.00011926672083853931
knowledgeable,0.00011926672083853931
correct,0.00011926672083853931
actual,0.00011926672083853931
able,0.00011926672083853931
non-touristy,0.00011926672083853931
underrated,0.00011926672083853931
flat,0.00011926672083853931
great,0.00011926672083853931
dont,0.00011926672083853931
immediate,0.00011926672083853931
equi-distant,0.00011926672083853931
Top,0.00011926672083853931
poor,0.00011926672083853931
physical,0.00011926672083853931
on-going,0.00011926672083853931
afforable,0.00011926672083853931
scam,0.00011926672083853931
3-4,0.00011926672083853931
alittle,0.00011926672083853931
concierge,0.00011926672083853931
unlawful,0.00011926672083853931
Reliable,0.00011926672083853931
Constant,0.00011926672083853931
Average,0.00011926672083853931
unwanted,0.00011926672083853931
'ON,0.00011926672083853931
closed,0.00011926672083853931
outside,0.00011926672083853931
maintenance,0.00011926672083853931
con,0.00011926672083853931
fit,0.00011926672083853931
visiting,0.00011926672083853931
prepared,0.00011926672083853931
foul,0.00011926672083853931
crappy,0.00011926672083853931
legitimate,0.00011926672083853931
distinct,0.00011926672083853931
Regular,0.00011926672083853931
2012-14,0.00011926672083853931
salient,0.00011926672083853931
First,0.00011926672083853931
specific,0.00011926672083853931
apologetic,0.00011926672083853931
lovely,0.00011926672083853931
disrespectful,0.00011926672083853931
regular,0.00011926672083853931
antiseptic,0.00011926672083853931
persistent,0.00011926672083853931
upkeep,0.00011926672083853931
pretty,0.00011926672083853931
overnight,0.00011926672083853931
aggressive,0.00011926672083853931
managment,0.00011926672083853931
October-January,0.00011926672083853931
dedicated,0.00011926672083853931
loft,0.00011926672083853931
young,0.00011926672083853931
conflictual,0.00011926672083853931
2018-2019,0.00011926672083853931
rfht9ty4i99o999ujui,0.00011926672083853931
General,0.00011926672083853931
public,0.00011926672083853931
aesthetic,0.00011926672083853931
inaccurate,0.00011926672083853931
it-,0.00011926672083853931
unavailable,0.00011926672083853931
broken,0.00011926672083853931
worse,0.00011926672083853931
negative,0.00011926672083853931
thrive,0.00011926672083853931
certain,0.00011926672083853931
outdoor,0.00011926672083853931
praise-a,0.00011926672083853931
several,0.00011926672083853931
unlisted,0.00011926672083853931
cookie,0.00011926672083853931
coop,0.00011926672083853931
wonderful-quick,0.00011926672083853931
domestic,0.00011926672083853931
plaza,0.00011926672083853931
unfriendly,0.00011926672083853931
crystal,0.00011926672083853931
turn-key,0.00011926672083853931
Lian,0.00011926672083853931
Unhelpful,0.00011926672083853931
HARD,0.00011926672083853931
well-maintained,0.00011926672083853931
sharedeasy,0.00011926672083853931
run-down,0.00011926672083853931
longterm,0.00011926672083853931
5-6pm,0.00011926672083853931
monthly,0.00011926672083853931
isolated,0.00011926672083853931
dreary,0.00011926672083853931
modern,0.00011926672083853931
unethical,0.00011926672083853931
bureaucratic,0.00011926672083853931
thin,0.00011926672083853931
handled,0.00011926672083853931
concise,0.00011926672083853931
unbelievable,0.00011926672083853931
south,0.00011926672083853931
lax,0.00011926672083853931
1-bedroom,0.00011926672083853931
trash,0.00011926672083853931
trouble-free,0.00011926672083853931
brilliant,0.00011926672083853931
daily,0.00011926672083853931
well-outfitted,0.00011926672083853931
dismal,0.00011926672083853931
Real,0.00011926672083853931
noisy,0.00011926672083853931
3-4AM,0.00011926672083853931
profitable,0.00011926672083853931
FRIENDLY,0.00011926672083853931
omg,0.00011926672083853931
naive,0.00011926672083853931
stale,0.00011926672083853931
preconceived,0.00011926672083853931
fast,0.00011926672083853931
indoor,0.00011926672083853931
romantic,0.00011926672083853931
surprised,0.00011926672083853931
separate,0.00011926672083853931
imagine,0.00011926672083853931
80th,0.00011926672083853931
gym,0.00011926672083853931
biased,0.00011926672083853931
ten,0.00011926672083853931
star,0.00011926672083853931
right,0.00011926672083853931
top/notch,0.00011926672083853931
muddy,0.00011926672083853931
disappointmentVine,0.00011926672083853931
Terrible,0.00011926672083853931
sick,0.00011926672083853931
garden,0.00011926672083853931
comfy,0.00011926672083853931
simplistic,0.00011926672083853931
extreme,0.00011926672083853931
2-something,0.00011926672083853931
dental,0.00011926672083853931
ridiculous,0.00011926672083853931
Pleasant,0.00011926672083853931
Wish,0.00011926672083853931
imperative,0.00011926672083853931
intuitive,0.00011926672083853931
assistant,0.00011926672083853931
thirty,0.00011926672083853931
fiddle,0.00011926672083853931
automated,0.00011926672083853931
real,0.00011926672083853931
due,0.00011926672083853931
INCREDIBLE,0.00011926672083853931
brown,0.00011926672083853931
preferred,0.00011926672083853931
Perfect,0.00011926672083853931
excellent,0.00011926672083853931
nonstop,0.00011926672083853931
disappointing,0.00011926672083853931
pushy,0.00011926672083853931
unsafe,0.00011926672083853931
past,0.00011926672083853931
strong,0.00011926672083853931
half,0.00011926672083853931
native,0.00011926672083853931
historic,0.00011926672083853931
enjoyful,0.00011926672083853931
hard,0.00011926672083853931
critical,0.00011926672083853931
lodging,0.00011926672083853931
ghetto,0.00011926672083853931
arrival,0.00011926672083853931
minor,0.00011926672083853931
overwhelming,0.00011926672083853931
horrific,0.00011926672083853931
of-course,0.00011926672083853931
10-20,0.00011926672083853931
depressing,0.00011926672083853931
newly-married,0.00011926672083853931
unhelpful,0.00011926672083853931
beat,0.00011926672083853931
unorganized,0.00011926672083853931
recommend,0.00011926672083853931
loud,0.00011926672083853931
shit,0.00011926672083853931
reachable,0.00011926672083853931
spent,0.00011926672083853931
Fast-forward,0.00011926672083853931
disorganized,0.00011926672083853931
fourth,0.00011926672083853931
scratched,0.00011926672083853931
sincere,0.00011926672083853931
successful,0.00011926672083853931
possible,0.00011926672083853931
Been,0.00011926672083853931
open,0.00011926672083853931
undiscovered,0.00011926672083853931
competitive,0.00011926672083853931
subterranean,0.00011926672083853931
move-in,0.00011926672083853931
consummate,0.00011926672083853931
substantial,0.00011926672083853931
warnedI,0.00011926672083853931
upfront,0.00011926672083853931
trust-worthy,0.00011926672083853931
elderly,0.00011926672083853931
helpful,0.00011926672083853931
Solid,0.00011926672083853931
infant,0.00011926672083853931
countless,0.00011926672083853931
temporary,0.00011926672083853931
refinished,0.00011926672083853931
tile,0.00011926672083853931
hungry,0.00011926672083853931
soooo,0.00011926672083853931
senior,0.00011926672083853931
train,0.00011926672083853931
intense,0.00011926672083853931
whole,0.00011926672083853931
TOUGH,0.00011926672083853931
impossible,0.00011926672083853931
yearlong,0.00011926672083853931
wide,0.00011926672083853931
thorough,0.00011926672083853931
ongoing,0.00011926672083853931
humiliating,0.00011926672083853931
genuine,0.00011926672083853931
fifteen,0.00011926672083853931
rave,0.00011926672083853931
gentle,0.00011926672083853931
dusty,0.00011926672083853931
downtown,0.00011926672083853931
previous,0.00011926672083853931
Draconian,0.00011926672083853931
present,0.00011926672083853931
architectural,0.00011926672083853931
apartment,0.00011926672083853931
transient,0.00011926672083853931
1-3,0.00011926672083853931
seamless,0.00011926672083853931
small,0.00011926672083853931
crown,0.00011926672083853931
nighttime,0.00011926672083853931
following,0.00011926672083853931
well-connected,0.00011926672083853931
hallway,0.00011926672083853931
doorman,0.00011926672083853931
grungy,0.00011926672083853931
move,0.00011926672083853931
unfortunate,0.00011926672083853931
puddle,0.00011926672083853931
midtown,0.00011926672083853931
73-20,0.00011926672083853931
well-kept,0.00011926672083853931
serene,0.00011926672083853931
5am-,0.00011926672083853931
nyc,1.537055615128211e-05
,0.0
