Urban Pads,0.001331549567309282
21 Chelsea,0.0013210584436064094
250 East Houston,0.0013588433203221523
The Ludlow,0.001368019469162211
Avalon Bowery Place,0.0013629152198633627
The Greystone,0.0013776185248129955
Loftey,0.0013743580714030016
Post Luminaria,0.0013842816493730076
The Lanthian Apartments,0.0013685211578622638
MiMA,0.0013535677072076594
The Dylan,0.0013683807674814581
24 Fifth Avenue,0.0012678495813233498
AVA Fort Greene,0.0012999842189122405
The Courtney House,0.0012893941616689817
The Dakota,0.0012647086578882782
The Brooklyner Apartments,0.0013692289858716873
95 Wall,0.001336528540856689
AVA DoBro,0.0013641256943505297
Astoria Apartments,0.0012257802876377804
Historic Front Street,0.0013721496926756248
APT212,0.001318260155644891
The Tate,0.0013464023725457135
Urban American Management,0.001341983385751682
77 Hudson,0.0004892309073268364
Gotham West,0.001324670367047334
200 Water Street Apartments,0.0013639064030403403
3333 Broadway,0.0013797333376715452
Prism at Park Avenue South Apartments,0.0013636752908497733
East Village Apartments By Sudha,0.0013525864486905867
The Churchill,0.0013663578527524163
SharedEasy,0.0013290887679514708
City Wide Apartments,0.0013273815395693452
Murray Hill Marquis,0.0013619884002849998
Nooklyn,0.0013658540423606208
146S4,0.0012923445929786035
Atlas New York,0.0013367502112319512
70 Pine,0.0013326677829270436
Building Equity Management,0.0013482150365759739
The BLVD Collection,0.0003829110184052912
AKA Central Park,0.0013549328830048334
75 Wall Street,0.0013359223381719967
Village Dwellings,0.0013173883533658688
Barclay Tower - Glenwood,0.0013098666966685603
424 Bedford,0.001285890050070253
The Modern,0.0003440514597584424
Windsor at Liberty House,0.00039276637032424893
The Pinnacle,0.0013139467743984192
The Albert,0.0012601125701698016
City Tower,0.001373970524089988
Herald Towers,0.0013526129351633656
Tribeca Park Luxury Apartments,0.0012111622253824054
The Edge,0.001003900527724278
388 Bridge,0.001375152126021108
Beatrice Apartments,0.0013352258466778465
34 Berry,0.0011130446413083251
Noonan Towers,0.0012372928314114445
Orion Condos,0.0013309876033807352
66 Rockwell Apartments,0.0013597102795192436
170 Amsterdam Apartments,0.0013718696822673138
DVORA Art House,0.0003309656288926618
88 Leonard,0.001337152772986966
The Vanguard Chelsea,0.001321011978553442
Avalon Willoughby Square,0.0013609016505098826
Chelsmore Apartments,0.0013072487771633179
INSTRATA Gramercy Apartments,0.0013814450936870512
21 West End,0.0013236053262427648
London Terrace,0.0013565043198539722
One Hudson Yards,0.0013003675658936138
20 Exchange Place Apartments,0.0013376927411448605
Sky,0.0013004367076956589
One North Fourth,0.0009472564662270898
Brick & Mortar,0.0011263921706764597
Avalon Riverview,0.0010536623478503604
175 Kent Apartments,0.001035814723681883
The Westport,0.0013626017286327064
StuyTown,0.001388591243277499
The Nicole,0.001369717633382303
TF Cornerstone,0.0013757060279666609
180 Water Street,0.001359108873834462
Metropolis,0.001360282985275259
600 Washington Apartments,0.0013358936474629254
Avalon Brooklyn Bay,0.0013451354477646473
325 Kent,0.0010743812649440456
110 Horatio Street,0.001230911052286224
89 Murray,0.0012985988426304526
VIA 57 West,0.001254842110517332
The Markle Evangeline Residence,0.0013019594704846184
Northside Piers,0.0010468296283637785
Estuary Apartments,0.00041867377256552674
267 Pacific,0.001341607021670883
The Eugene,0.0013421416673764458
Kips Bay Court,0.0013507077320186994
Luxury Apartments LIC,0.001312984843261678
Chrystie,0.0013621086302497637
Our Lady of Good Counsel SRO,0.0013664037156233414
The Addison,0.0013670380983318007
Lenox Terrace Leasing,0.0013585982819776508
Newport Jersey City Apartments,0.00039809936623334585
Hub,0.0013664970446771274
Watermark LIC,0.0012935674440536944
The Sagamore,0.0013684265438774872
Halo,0.0012887499469857748
EOS,0.0013383176013370035
Frontier Luxury Apartments,0.001355314348183766
AKA Sutton Place,0.0013639545908466799
461 Dean Apartments,0.0013210859667652137
DKLB BKLN,0.001367437566512962
Icon Rental Apartments,0.00129281010548184
Sloane Chelsea,0.001368821475845103
Harrison Urby,2.8048304701707337e-05
The Apartment,0.0012940321454270485
Mandalay on the Hudson,0.00047098983294658
Mantena Apartments,0.001346549426608256
The Colorado,0.0013390057816132378
Kings and Queens Apartments,0.0013573549191871772
Chelsea Stratus Condo,0.0013220871912744516
TOWNSEND,0.001341715774783343
West 54th Apartments,0.001354590188126096
The Nathaniel,0.0013591637276576967
NYC Brooklyn Apartment & Bed and Breakfast,0.0013258827164333285
Big Apple Living,0.0013504344370562442
The Lexington,0.000292942604202202
The Solaire,0.0011884947865238515
REAL New York,0.0013504449609505894
60 Water Street Apartments,0.0013554130336934965
Modera Lofts,0.0003797261408688132
Skygroup,0.001301545877650794
777 6th Avenue Apartments,0.0013287115169676538
LeFrak City,0.0013479880277550173
Silver Towers,0.0012962236508928587
22 River Terrace,0.001185584976934558
The Caroline,0.0013221878894654165
Waterline Square Luxury Rentals,0.001319831537004902
Two Trees Management,0.0012671279247248289
MetroNest,0.001209153737467809
Parker Towers,0.0013486384039690777
Highline Residential,0.001365550659302567
Hayden,0.0013074733695570182
Parc East Apartments,0.0013509141723306653
Longacre House Apartments,0.0013168045196311584
Home New York,0.0013303791608173551
House 39,0.001359197103945105
Wood Vitalize,0.0013482853324279817
Jackson Park,0.0012934300056906508
25 Jay Street,0.001246228138564721
Alexander,0.0013601415577324657
BKLYN AIR,0.0012981421817810953
The Eagle,0.0013305080243403203
Chelsea Landmark,0.0013317986390430593
Avalon Clinton,0.0013382032649514757
Hudson View Gardens,0.001364055006907211
OHM,0.0012696678184468196
The Balton,0.001377657144619548
Crescent Club,0.0013230781553890889
Cooper & Cooper Real Estate,0.0013618957360913933
Sanctuary Guest Suites,0.00131695291760591
Instrata Brooklyn Heights,0.0013536876608819064
Avalon Union,1.8317400360094114e-05
The Alabama,0.0012757452373253584
180 Montague Apartments,0.0013625126912336712
NY Casa Group,0.001280077323885291
RiverHouse 11,0.0005028245125403969
AVA High Line,0.0013194416704003693
The Ashley,0.0013405290612341788
View 34,0.0013687736895237471
Bayside Bay Club,0.0013360459810713037
The Amberly Apartments,0.0013331733875053538
Park + Garden,0.0003684410120182736
15 Park Row,0.0013073958471813774
111 Worth Street Apartments,0.0012977125489490745
Leonard Pointe,0.0013078101535575156
Parkchester South Condominium,0.0013377054871702217
BKLYN  Gold,0.00132384901257639
2222 Jackson,0.0012673924722605306
George Washington Apts,0.001306843455417365
Parkside Brooklyn,0.0011862589226874437
Zeckendorf Towers,0.0013646557544118177
Tribeca House - 50 Murray,0.001317847117244878
New York by Gehry,0.00134176938423187
The Maximilian,0.0010333119898880264
The Capitol,0.0013326082533366213
420 Kent,0.0011279701525258442
AVE Union,4.407086619801087e-05
Nolita Group,0.0012521322312930077
Parc Cameron Apartments,0.0013712910981792926
Lenox,0.0003304712879297752
One Carnegie Hill,0.0013809707612190236
Denizen Bshwk,0.001192210327743972
Melar,0.001367573611676448
Mercer Arms,0.0002725861112722621
The Archive,0.001356796394296941
Savoy Park Apartments,0.001345292009800332
21 West,0.0013175351511848067
Boulevard Gardens,0.0013053686723402368
Nooklyn,0.0012559773547600704
Vantage Collection,0.0002872332997304845
Jersey City Urby,0.00045867350756367646
960 Willoughby Ave,0.001238843157923298
Instrata Park Slope,0.0012495304696041082
Gateway,0.00123721277603738
The Adele,0.0013658214547207811
Roomrs,0.001129620569666681
The Webster Apartments,0.0013704811322907402
The Exo,0.0013565939872553097
Windsor Court,0.0013540383780068545
W Residence,0.0012923841426926597
Troy Towers,0.0003170424354104203
Tower 28,0.0013132850353072044
235 Grand,0.0002787692016717635
Artisan Series,0.0002762093327413352
The Duchess,0.0004936168986357876
184 Kent Avenue Apartments,0.0009648584718946222
Atelier Apartments,0.0011897207723897101
Ten23 Apartments,0.0013557418614721683
Staten Island Urby,0.0012792438771119202
The Morgan at Provost Square,0.000327603723114401
303 East 83rd Apartments,0.00134513686974876
ARO,0.0013463784022247826
116 John Street,0.0013555125199514531
QLIC,0.0013429492389287298
Flatbush Rentals,0.0013433371439253879
River Watch,0.0012810326778524754
The Chelsea Apartments,0.001351014429632246
Triplemint - New York,0.0013252043373878594
Duffield Apartments,0.0013235253458743629
Liberty Plaza - Glenwood,0.0013177292321421101
The Strathmore,0.0013598491317178508
Westminster City Living,0.0013602216044447054
The Offerman House,0.001372006589604223
The Kestrel,0.0013252074742251825
Parc Coliseum Apartments,0.0013767721503136657
The Epic,0.0013402223554090228
Common Living,0.0013446336415540265
The Lively,0.0003660517580149629
Hoyt & Horn,0.0013711959472888367
WGD,0.0013759768584151557
Level,0.000924922332728103
AVE Clifton,1.1483384054464507e-05
15 William NY,0.001332663071158199
101 Bedford,0.0011572939524506403
Hoboken South Waterfront,0.00047216961370138185
Mariner's Landing,0.0006217289852355589
Smith Hanten Properties,0.0012916348003496443
The Zenith at Liberty Harbor,0.00025780831072987276
Bay One,0.0001958710280934566
Park Towers South,0.001369366493415862
New York Living Solutions,0.0013418752858656872
15 Dunham Place,0.001137405927296106
Court House Apartments Leasing,0.0013715936950331002
Warren at York by Windsor,0.00038621596280493645
Parc 77 Apartments,0.0013712910981792926
The Chocolate Factory,0.001285447270505839
Wavecrest Gardens,0.0013039323225335206
Dean C Hawthorne - Concord,0.001307259286382869
Union Square Apartments,0.0013791971116110173
Osprey Cove Apartments,4.78900471245888e-05
Chelsea Tower,0.0013265026896934942
One Columbus Place,0.0013785945913608196
Beach Haven Apts #5 & #6,0.0013041115059857808
300 East 39th Apartments,0.0013574637690461045
10 Hanover Square,0.0013360839588656582
The Corner,0.0013802980650443786
St Agnes Residence,0.0013751609857114047
90W,0.0013167001700056865
NYC Short Lease,0.0013685087572376448
49 West Twelfth Tenants,0.001291416585671986
Quinn,0.0003417715200991925
Albert Apartment Corporation,0.0012602629035560991
Harrison Station Apartments,2.8535682621516604e-05
Showcase Realty NYC,0.0013272264461868665
The Monterey,0.0013660143943919011
Broadway Kitchens & Baths,0.0013602958969806324
Vanderbilt Condominium,0.0013698465658711684
The Helena,0.0013103739279170872
Renaissance,0.0013411599279949016
Furnished Apartments,0.0013464809884168741
333 Grand,0.00022814187708437687
Tribeca Pointe,0.0011816756386332696
Caroline Sinno Photography,0.001354231554705588
Canal Rubber Supl,0.001279501920556397
568 Union Ave,0.0012183363738562162
The Gotham Apartments,0.00036530571081694563
30 Lincoln Plaza,0.0013673502001324328
Manhattan Park,0.0012056089826699248
Vermella Harrison,3.1604474017479224e-05
Kings & Queens Apartments,0.0013211271106662078
Greenwich Club Residences,0.0013126431175991935
Innovation Shades,0.0012971682520229785
Moda Upgraded Living,0.0013735824735871633
Crystal Point,0.0005027155984766873
Moda Realty,0.0012999265825576858
The Grand Tier Luxury Apartments - Glenwood,0.001378134029674191
Cityspire Condo,0.001362171744188108
The Westminster,0.001333826834038327
Crystal Glass & Mirror,0.0012341833754898404
DVORA Hamilton House,0.00017774262876435568
Brown Harris Stevens - Cobble Hill,0.001364746205657446
The Ashland,0.0013462851302380597
The Parkline,0.0013165394938451497
Mercedes House,0.0013381471902778987
Upper East Side Apartments,0.0013419202354951454
295J,0.00016769019777167758
Liberty Realty,0.00044919396267526575
Journal Squared,0.00011562877444194021
Halletts Point,0.0012790932865652076
535 W 43rd Street Apartments,0.0013349364949964376
111 Kent,0.0009987229572699196
NY Living Solutions,0.0013242250579361596
Helmsley Medical Tower,0.0013744254708924464
The Visionaire,0.001300320082660047
The Victory,0.001345057248536224
Stonehenge NYC,0.0013457035386819204
Parkhill City,0.0013331589365548234
be@schermerhorn,0.0013777318663555768
Manocherian Bros,0.0013798596304227776
The Thread,0.0002796819870834085
Carpet Time,0.0013597994137595772
1 QPS by Stonehenge,0.0013358059214843574
70 Greene Apartments,0.0004648153298640431
North Park Apts,0.0013286973582415766
Grand Adams Apartments,0.000295993429180517
EHS St. George Towers Residence,0.0013183168284568339
46th and Lexington,0.0013494462051027215
Chinese Movers,0.0012897730060819183
MySpace NYC,0.0013110182012600817
Fordham Terrace,0.0013665764730483553
Riverton Square,0.0013719179128659342
The Landings at Port Imperial Apartments,0.000602848400898742
The Marlowe - Glenwood,0.0013463942830984137
East River Place Park,0.00134929107809679
The Mayfair - 145 Fourth Avenue,0.001354572736272589
Avalon Cove,0.0004118703846657223
The Grand,0.0013499817556083442
The Grove,0.0013289972267684362
EHS New Yorker Residence,0.0013701998460518608
740 Park Avenue,0.0013270490860477538
Devonshire House,0.0012502759276229
The Delmar,0.0012830261567436363
The Doric Apartments,0.00023466515164259033
Donald Lai - The Corcoran Group,0.0012080605478322231
Avalon North Bergen,0.00019139371038536708
Hamilton Square,0.0002472947441529527
Hudson Harbour Condominiums,0.0004995368889170393
Wall Patch,0.0013439135996662637
Waterside Plaza,0.0013178434167056311
66 Pearl,0.001312000140447171
Shorecrest Towers,0.0013355573551010985
Nooklyn,0.0013174459945887184
The Lucerne - Glenwood,0.0013717645759954134
Hudson Crossing Apartments,0.0013251855286460356
Yoreevo,0.0013069535435297967
The Arthur,0.001355139589980504
TF Cornerstone,0.0010808060997783172
25 Broad at the Exchange,0.0013170339016327353
C+C Apartment Management,0.0013368537476245107
Fast Tech Pros,0.0013230817843574694
The Pierre Apartments,2.1658417388922532e-05
The Capstone,0.0005280789477633185
The Lyric,0.0013665731341938195
Hylan Dartmouth Staten Island Apartments,0.0012300994653842573
VYV,0.0003487696222326409
The Drake,0.0013474976877231196
Hahne & Co,2.7621496421559762e-05
NYCMedHousing,0.0013854594614426709
Avalon West Chelsea,0.0012810874307563177
Kips Bay Towers,0.0013569692522117658
Zen Space Makers,0.0012326582543088942
15 Central Park West,0.0013542868634773787
GoGo Furniture,0.0013859317116010049
The Sierra,0.001293319054584489
Normandie Court,0.001379611204149774
AKA Times Square,0.001320792403910045
Janovic Paint and Decorating Center,0.0013228413541928026
221 Bergen,2.7052767422371555e-05
The Ritz Plaza,0.0012914695466834786
Manhattan Apartments,0.0013449785924972697
The Silverstein Collection,0.0013509264960968573
Hudson Tea Building,0.0004232776395492724
Homepolish,0.0013436459182214985
323 PINE,0.00016116184666641794
truffles,0.001246001762389935
VINE Apartments,0.00024562354433107874
Rivercross,0.001196024628956356
Crosstown Management,0.0013601794625236168
Spaces Fort Greene,0.0013588307089270957
63 Wall Street Apartments,0.0013354582429867528
Plaza 400,0.0013516754313574312
Equity Residential,0.0013358936474629254
The Nevins Condominiums,0.0013668429506984653
River Place,0.0012606209239085745
30 Park Ave,0.0013734697079567162
100 Maiden Lane Apartments,0.0013389384584834197
Rutherford Station Apartments,2.0428067824203232e-05
7W21,0.0013489354761612262
The Braswell Team at Compass,0.001311354678254232
OpusArts Painting & Design,0.001297151999251088
The Atelier Condo,0.0012815835024255092
90 West Street,0.001303169338537537
Elika Real Estate,0.0012641712962582325
Furnished Habitat,0.0013709264600056587
Frank Galeano Real Estate,0.0013408317269770222
NY City Blinds,0.0013826547675546276
Residence Hall,0.0013292939654739437
One Third Ave,5.49974949149198e-05
515 Ovington Ave,0.001315106827182347
The Bristol - Glenwood,0.0013613367255358433
Dermot,0.0013343184531410888
Monterey at Lex,0.0013608018850574046
Organized by A,0.0013342672712558044
Novo417,0.0013499028018663442
The Oosten,0.0011472819056042947
33 Gold Street,0.0013446293034182202
Grove Pointe,0.0003038844067448199
163 Washington Ave Apartments,0.0013047541586547148
Columbus Square,0.0013619037954534176
Ocean Luxury Apartments,0.0012710900034178507
Brown Harris Stevens - Brooklyn Heights,0.0013136743711866282
The Corinthian Apartments,0.0013528337622436405
Modern Spaces-Astoria,0.001364512792898985
555 Ten,0.0013401567746505912
Gramercy House,0.0013491820961642176
Gypsy Housing,0.0012903923565165843
Summit NYC,0.001370039152787024
Artistic Stone,3.7029934183175526e-05
Silk Bldg Condo,0.0012445484287097108
Flushing Commons,0.0013090618576275786
Portside Towers Apartments,0.0003868327536796966
Symphony House,0.001369743623782668
Dixon Mills,0.00021927950114619186
NYC Floor Pro,0.0013748163651285397
The Oakman,0.0003208212468303203
Tudor Realty Services,0.0013464495817387826
New York Tower,0.0013542460674939565
TLF Realty Group,0.001361859217309154
Welcome Home Real Estate,0.0013241443918967518
Management Co Babad,0.0013520225572829045
The Harper at Harmon Meadow,0.00010818123747381641
Harbor Landing at Garvies Point,1.7124853016785673e-05
LaMatto Properties,0.0013737606483622115
Slate NYC,0.0013356144138721383
80 Meserole Street,0.0013617161824803345
The Wellesley,0.0013753020502406826
Harbor 1500,0.0004652325037426075
Riviera Electric,0.0013048883015523002
Leon Cato Photography,0.0013234152011780535
RiversEdge at Port Imperial,0.0004989180047568738
200W60,0.0013510831658280602
AKA United Nations,0.0013624144776755043
BRG Talbot,0.001339400888212534
The Andover Luxury Apartments - Glenwood,0.0013645887251116373
Lumen Home Designs,0.0012911964803524146
The Villas,1.4284449045195922e-05
The Octagon,0.0012311963266636921
Rennit NYC,0.0013069103431877771
Horizon Realty,0.0013617749737422499
"MCKB, Manhattan Center for Kitchen and Bath",0.0013339589284687245
Wall Empire,0.0013580899683461186
Van Dyke Houses,0.0013505120854136047
The Milan Apartments,0.001322866969733901
1871 House,0.0012971415481356616
3rd Space,3.364401819685415e-05
Grymes Hills Apts,0.001112360966399439
Mirador Real Estate,0.0012802760603282057
Skyline Apartments NYC,0.0013623825414819197
150 Clermont Ave,0.0013355701408357356
East Gate Apartments of Nutley,1.3976857188015098e-05
The Tempo Apartments,0.0013807278809720427
31 Ocean Parkway,0.001327476319295041
One Madison Park,0.0013784431531818741
Steel Works Apartments,3.131050186242547e-05
Related Companies,0.0012733513324333866
Linden Plaza Apartment,0.0013072513147226344
K&R Realty Management,0.0013665539426259447
Brooklyn Equities 11,0.0013753146313994072
The Wyoming - WAM Partners,0.001356109628720508
Locksmith Brooklyn-4-U,0.0012647910187192745
Ellipse Apartments,0.00041039412742284524
TF Cornerstone,0.0013680973843174177
Oxford Property Group,0.0013683668801503534
Avalon Morningside Park,0.0013764871789343068
Hillel Realty Group,0.0013247929415304918
All Points Real Estate,0.0013707293830540156
20 Pine Street,0.0013079331038078033
American Copper Buildings,0.0013609556108571564
333 River Street Apts,0.00047216961370138185
Constantine Village,6.038067320371567e-06
Rocket Factory Lofts,0.0012360937671722246
55 Hope,0.0012656629737422844
Tribeca Tower Luxury Apartments,0.0013562009263803597
Harbor Pointe,0.00034746245360793457
Flatbush Gardens,0.0012137971331988662
KJD AV Design,0.0013339089827224145
Beaudoin Realty,0.0013158034985392055
Universal Realty Group,0.001337537358212313
OfficeOps,0.0010732597853384022
Lindsay Park Housing Corporation,0.001355815050027795
Heatherwood Luxury Rentals,1.6037072346625176e-06
1209 Dekalb Apartments,0.001310868464312221
Foundry Lofts,0.00014328854773366757
Independence Plaza,0.001308195303497101
Xchange At Secaucus Junction,5.0243269753119974e-05
Observer Park Apartments,0.00037151492042009076
"Charie Properties, LLC",0.0013235147382192345
Vermella Lyndhurst,2.0777584709355018e-05
Tahar Décor,0.0013765859872710755
The Oyster at Edgewater Harbor,0.0004722153451208435
16 Bennett,0.00041680477316401827
Avalon Midtown West,0.0013143167066465913
Gold Street Lofts,0.001351507163734277
Aurora,0.0012774394305487388
The Regent At Liberty Harbor,0.0002447638737239568
20 Broad,0.001310257793088974
50 Rector Park,2.7446890681819756e-05
The Grande at Metro Park,3.433657457824914e-05
Joanna Mayfield Marks - Brown Harris Stevens,0.001250276674782159
The Cole Apartments,0.0013519956882186617
110 Green Street,0.0009866942993673265
800 Sixth,0.0013399770533502476
ACR Pro Contractors,0.0011360284953511937
Windsor at Mariners,0.0006002202100810808
Anagram NoMad,0.0013657529276908473
Dharma Home Suites,0.0003968667404577533
Astoria Tower 31,0.0013241753559500122
77 Saint Marks Place Apartment Building,0.001342465313565497
Corporate Oakwood,0.0013170267682531046
R.E.M. Residential,0.0013539747724247665
The Green,1.1681503956220022e-05
Batra Group Real Estate,0.0013661656855862704
Town Soho,0.0012944647958797917
Element Condos & Apts,0.0013457323356875618
Empire One Realty,0.001346188847035502
Northridge Coop Section 2,0.0013629269537212304
The Somerset Luxury Apartments - Glenwood,0.001380275423507131
Andrew Jackson Condominium,0.0012947896498894569
Waters Edge At Elizabeth,0.0004539349901685916
Pink Dorms,0.0013739339939916923
Edgewater Towne Center,0.0006224973673778681
Clinton Street Lofts,3.011003152974696e-05
Midwest Court,0.0013471981264303236
Roosevelt Landings,nan
"Urban Real Estate of New York, LLC",0.0013378114422942075
230 W 105,0.0013761053572764977
Merlot Management,0.001376486927758475
Crystal Green Luxury Apartments - Glenwood,0.0013162262033445103
Brownstone Real Estate,0.001234915644126752
71 Broadway Apartments,0.001294788150237276
Time Equities,0.0012870873599138601
The Brompton,0.0013394944278414215
Brick Real Estate,0.0013255191859731384
Mark Plus Lofts,0.0013190273656935522
333 Rector Pl,0.001268104578957056
Jamella Swift - Keller Williams NYC,0.0013362358067607293
Brooklyn Prime,0.001218882945000853
Emily Sarrat,0.0013000207846536101
110 Livingston Development,0.0013743966961346419
151 East 80th Street,0.0013512609621554432
Copperwood Real Estate,0.0013470663624541145
Posthouse,0.00127552715373314
S & H Equities,0.001374046645019921
TF Cornerstone,0.0011491556328279996
Ground Up Home Inspections,0.0011467382772689116
Vandeck Builders,0.0012808971053458688
"New Vista Horizons, Inc.",0.0013690818419033095
Avanguard Realty,0.0013810999440983702
Skyline New Rochelle,0.0001205865349865551
Platinum Properties,0.001339505562019543
Loisaida Realty,0.001369222323355878
New Bedford Management,0.0013823033013460524
Gutnick Realty,0.0013566726241814185
Crystal House,0.0013113995794067474
Pan Am Equities,0.0013707687435778003
Soho Lofts Jersey City,0.00021040976783624893
Brooklyn Vertical,0.0013527381808569883
New York City Home Improvement Construction Corporation,0.0013585120219360505
Avalon at Wesmont Station,2.1552850426225907e-05
Shore Towers Condominium,0.001271109293932236
La Premiere,0.0013646832981181998
Alta,0.00129028154737408
The Biltmore,0.0012865289883729006
Christie Property Group,0.0013198029171309794
Buono's Flooring,0.0013576427441179088
Union Square Property Management,0.0013301697534287562
Doric Brokerage,0.0012982546323468676
Renoir House Apartments,0.0013468708906579734
Brooklyn Heights Real Estate,0.0013407465278784786
Highline Residential,0.0013150746246030909
Blueground,0.001341918800740216
Marc 900 8th Avenue,0.001341894508506005
Aamen Realty,0.0012962468107703552
Karin Carson - Keller Williams Realty,6.992519760341058e-06
Solil Management,0.001360576858631834
Silver Suites Residences,0.0013041171590895428
Nycha Smith Houses,0.0013363704898366462
Carrie Bradshaw's Apartment,0.001299725855293279
Chatham 44 Condominium,0.001363830118553032
Margules Properties,0.0013340217742957656
TF Cornerstone,0.001329628055140718
27 on 27th,0.0013224529587283805
Avalon Yonkers,0.0002775429279833039
Ryan Fazio - Bond New York,0.0013403823991108533
Novo Boutique Living,0.0013530437804132685
Arabella 101,0.001359989927821909
Camelot at Bayonne,0.0006000689504524463
Essential New York Real Estate,0.0013429273874690508
Ivan Mijalkovic- Corcoran,0.0012000891818430234
Beach Haven Management Corporation,0.0013283717099415201
River Crossing,0.0013607586215696275
Quarters,0.0013686033969541253
Washington Geo Plaza Apts,0.0012943919886928348
172 Montague,0.001355304780114557
Quintess Real Estate,0.0013763739240752314
The Clutter Whisperer of New York City,0.0013624556431378488
Doorkee,0.00136127017772983
City Flats,0.0013765813999071976
Horderly,0.0013391653369150222
The Hammel,0.00011895341219714821
Seaview Apartments,0.0013112452228084906
Crisari Realty,0.0013669065511612943
50 Columbus,0.00035135838813781585
Trump Village,0.0013719379446811423
Seward Park Cooperative,0.001370422134720918
Marjorie Thompson- Washington Realty Corp.,0.0013377852762583577
Berman Realty,0.001248683689199649
The Pier Apartments,0.0005320675182093045
Bellini Terrace,0.001204678290865408
Spanish Princess Cleaning Services,0.0013292235991121406
Maple Gardens,2.5822790735815335e-05
100 Barclay,0.0012590381440236776
233 Schermerhorn Lofts,0.0013673470903636466
Eleven33,0.0009983536637784229
59 Kent - The Landmark Pencil Factory,0.0009350586120652074
The Highlands at Rye,1.0519248385759865e-05
The Pearson Court Square,0.0012576383894534228
990 Avenue of the Americas,0.0013416089434045181
The Corcoran Group - Brooklyn Heights,0.0012962386282550737
Student Rental NYC,0.0013787780441554768
HZ Computer,0.0013647418506690016
L Nelson & Associates Real Estate,0.001348917548645505
The Stratford Luxury Apartments - Glenwood,0.001375960138128907
One Day Bath NY,0.001159758301773974
101 West End Apartments,0.0013797692622552575
Daniel Kuperhand - B&H Properties,0.0013577126064431891
Murray Hill Crescent,0.001358784055975915
Olympia House,0.0013695822919330396
The Murray Park,0.0013697749939116273
77 Park Avenue Apartments,0.00035050239318864867
Townhouse Management Corporation,0.0013145804585064183
Hunter's Point South Commons,0.0009978772679746035
Delshah Capital,0.0013420666994785413
Nooklyn,0.0011650958357323116
Helmuth Pellegrino Team at The Corcoran Group,0.0012686590875985741
Biltmore Plaza,0.0013289996841238916
The Gateway,1.4856263569183898e-05
Luxe Micro,0.0012239085805638573
Toscano Floor Designs,0.0013032029508520592
Sovereign at Shipyard,0.0004838533706928448
G&G Tub & Tile Reglazing,0.0010249841073300776
Overall Assembly,0.001377456761136439
The Hawthorne Apartments,0.0001752294554297338
Embankment House,0.00022131806345285077
RiverParc,0.00047684277791303645
Vandeveer Estates,0.0011364226041028955
Queenswood Apartments,0.0013647818064506138
The Buchanan,0.001359759843020753
The Monarch,3.261868666462422e-05
Bohemia Realty Group,0.0013737055410837965
New York City Electricians,0.0013361024731700112
Bonnie Berman,0.0013026014628672923
The Alexander,0.0005395025059574605
Shore Haven Apts,0.00130604828028752
"Urban OrgaNYze, LLC",0.0013461306164993985
Tungsten Property,0.001226131984901876
The Marc,0.0013523087917137206
"California Closets - New York, NY",0.0013763036676839914
Murray Hill Tower Apartments,0.0013716347962328525
Jessica White - The Corcoran Group,0.001205775191082998
apartmentjeanie,0.0013462962089263273
Silklofts,0.0004455226023131012
Twenty50 by Windsor,0.0003754250786827344
Ocean Towers,0.0013622325310496378
Cityproof Windows,0.001288287220004516
Standard Living Realty,0.0011862779798466323
Eden Rock Owners,0.0012868227593248243
Brooklyn's Best AC,0.0013272131200678839
Riverwalk Crossing,0.0011889906177532797
A to Z Renovations,0.0013522382865713376
Carnegie Park,0.0013721829021212013
The Clermont Armory,0.0013540727623479263
Crown Heights Apartments,0.0013482511917298024
Little Wolf Cabinet Shop,0.0013565323854360983
The Bromley,0.0013808557653428363
Andy Ryan Photographer,0.0012361119179196227
Reis,0.0013551752191367536
Village Living NYC Rentals,0.0013200676543957662
West 96th Apartments,0.0013660439432740296
Embassy House,0.0013648832271779003
Top Quality Management,0.001186577672426575
JC Real Estate Capital,0.0012269448257154
Palisade Terrace Apartments,0.00032945373335763444
Bronstein Properties,0.0013254315316418006
Brooklyn Warehouse 180,0.001364171157794592
Rol Realty,0.001362370882301946
Galaxy Towers,0.0005196171310549063
Roeblin Group,0.0013689552403526423
The Litvak Team,0.0010178886176096201
GPS Realty NYC,0.0013478441440176881
Hemisphere House,0.001366271888878456
Awaye Realty Management,0.0012781201701610203
Spring Creek Towers,0.0013552570909902166
Ridgewood Collective,0.0012881473476830476
The Pierrepont,0.001370456139004402
Classic Realty,0.0013268150093998486
Avalon Great Neck,0.0001920085774824207
AXE Realty NYC,0.0011800373293353636
Manhattan Life Real Estate,0.0013370103575105906
Serone Realty / Michael Sloan,0.0013250743658140736
The Junction Group,0.0013359800247585065
Choice New York Companies,0.001354549254288774
Lang Realty,0.0013738577909321035
World Class Maintenance Inc.,3.196804733528369e-06
Liberty Green,0.0012397024784866878
Park Plaza Owners Corporation,0.0013392813228398834
Hippodrome Concierge Services,0.00134872313111442
Canal Lighting and Parts,0.0012676320494666318
540 West,0.0013449402874593302
Window Horizons - Hunter Douglas Shades And Blinds,0.001354989071416209
500 Sterling Place,0.0013400049989596141
432 Park Avenue Luxury Apartments,0.0013329523342393253
67 Wall Street,0.0013337566259348382
Urban Dwellers NYC,0.0012972010843879996
Affordable Housing Real Estate Corporation,0.0013173152045511665
Bonnie's Maids,0.00039219257920113657
475 Clermont,0.001334432351951569
Station at Lyndhurst,2.8755287597707763e-05
Stylish Window Treatments,0.0013655713381719307
Janovic Paint & Decorating Center,0.0013811909879485331
Metropolitan & Waterfront Residential Brokerage,0.00041694738000208024
Citi Living Solutions,0.0013662844339479892
RiverTrace,0.0005724412839057017
Bay Ridge Realty,0.0013033381854931476
Big Apple Locksmith,0.0012992577154619285
Apex Hudson Riverfront,0.0004449966491555293
85 John Street,0.0013376184987614523
TF Cornerstone,0.001268668008269419
Christina Brown Gardens,0.0013051185258901755
Fraziers Realty,0.001331086993538215
Hampton Court Luxury Apartments - Glenwood,0.0013569975803185983
Lumber Boys,0.0013516345883420235
East River Housing Corporation,0.0013735781386264114
The Lara NYC,0.0013153532145699157
Bayonne Bay,0.0003763360639952367
Woodcrest At Clark,1.7741371364827895e-05
Harmon Cove Towers,4.491809830141243e-05
Park Bayonne,0.0001626115781156191
Sovereign Associates,0.0013706716268329223
IFloorNY Hardwood Flooring,0.0012883519255624987
The Regent - Glenwood,0.0013706367525509657
Velsor Realty,0.0012847862095160568
The Link,0.0013324430849710588
Strictly Cleaning Restoration,0.001180750896019805
Better Living Properties,0.0013586622939979038
Port Liberte,0.00010505968096648505
Aimco 240 W 73,0.001380261383484139
Hollingsworth,0.0013403401118910912
The Montenegro of Astoria,0.0013704961185980389
B'Way Apartments,0.0012965648789903515
88 Greenwich,0.001314050702480506
Midtown Luxury Skyrise,0.0013845358779306836
Progressive General Contractors,0.0013129799787991413
Beaux Arts Rental Ofc,0.0013687540062889034
Residential Hunters,0.0013206737838625914
Tapiro Realty,0.0013560062633539832
The Art of Tint,0.001212400829221588
Horizon House,0.0003669873839393002
Water's Edge,2.6648809493210422e-05
Mark Greenberg Real Estate Company,0.0013472726237389668
Gamo Realty,0.0013623795309137584
The Opal,0.0013546281787122803
Oakes Pond At Bloomfield,1.1121177127171418e-05
Castle Braid,0.0012552939957641495
Avalon at Edgewater,0.0005680623006713473
Robin Pollisky,0.0013688607285785655
Peace of Mind Realty,0.0013697879074109692
Kennan Ash,0.0013684590786393201
Start to Finish Organizing,2.908174990300968e-07
City Soundproofing,0.001368821475845103
Domain Properties,0.001353501599031965
Riverbank,0.00132091298579708
Premier Metro Realty,0.0011220884304159713
The VIP Team - COMPASS,0.0002331825343331436
DV Locksmith & Hardware,0.001334864063731232
Madox Apartments,0.00035052707247780306
Danik Electrical,0.0013440142474899352
37 Wall Street,0.0013260187242163863
212-PAINTER,0.0013696383621469217
Teachers Village - Newark,3.1022726445282674e-05
Yan Lee - Brooklyn Heights Real Estate,0.0013429621557106853
Curtis Chance Realty,0.0012899659634845152
Diana Tian - Coldwell Banker Residential Brokerage,0.00027876901273707203
12 East 88 Street,0.0011700571980188337
Casino Home Inspections,3.1253902652570753e-06
Wall The Partition-Temporary Wall NYC-Pressurized Wall NYC,0.0011832462614451223
MidCiti Interiors Wallpaper Installation,0.0013444190065990138
Perfect Strangers of NYC,0.0013572805681290059
Briar Oaks,0.0012269240074506877
The Sovereign,0.0013264064184585627
Blackstone Properties Of New York,0.0013306019042897581
The Meurice - WAM Partners,0.0013535746031528987
Galaxy Towers Condominium Association,0.0005199325930149128
Great Neck Maids,0.0004003744274758868
The Classic Kew Gardens,0.0013305920195071021
Billiard Factory Lofts,0.0013497672431562377
Cityami,0.0012285741728907964
Cobalt Lofts,3.1441408476096446e-05
Kingsbridge Arms,0.0013011974858476137
Crown Gardens Housing Corporation,0.0013403903464488214
295 Central Park West,0.001331606179485427
The Apthorp,0.00137478604338465
Annette Akers - Serhant,0.0013127227664955377
Susan Chan Real Estate,0.0012863833515128322
Perfect Sublet,0.0013535386775198454
Brooklyn Blocks Real Estate,0.0013024858850488813
Ben Bay Realty Co,0.001315439706302554
Citi Habitats,0.0012793505249169281
Shabir Ahmad - The Corcoran Group,0.0012060211974987565
Smith Woodward Plaza,0.0013543095987635326
Aaron Mazor - Town Real Estate,0.0012946147399716455
Marcos+Bruno Tile Replacement,0.0012862499514854709
Gentry Apartments,0.0013635288615687154
Aquablu,0.0004382825624376286
Canco Lofts Condominium Center,8.5456178901404e-05
Pullover,0.0013554130336934965
1 Day Window Treatments,0.0013418914674812351
Troy Towers,1.2378285893936852e-05
North Queensview Homes,0.0013559703733103492
Golden Touch Realty & Management,0.001332821659875879
The Aldyn,0.0013147406985578865
American Dream Real Estate,0.0013515387420407821
Yorkshire Towers,0.001355531044894029
360 West 43rd Street,0.0013319383090970068
Cliff View Gardens,2.3079383949254247e-05
10 East End Avenue,0.0013696058711066249
Goldin Management,0.0013555656434418792
Goodbye Clutter,0.0012400687499805026
Larry The Painter,0.0013273657094502094
Kate Spiro Interior Design,0.0013604111112440788
The Palisades,0.0004057017405410806
Chesterfields NYC,0.001347992348634455
New York Dwellings,0.0013374605687311587
Secur-A-Door,0.0012497194297021316
Kings County Nurseries,0.0013164715562129408
Larstrand,0.001380567351113625
NYKB,0.001360911848430889
Arta Restoration,0.0013616969216491417
The Rivington Apartments,0.00030280145748353977
Dyno Moving,0.0013356605916885586
Milstein Properties -4,0.0013683092410650246
Roomeze,0.001333162244989067
19 Dutch Apartments,0.0013174876120922308
Lexington Painting,0.0013640725813048905
LL Real Estate Services,0.0012869914734824405
River Hill Gardens,0.0012574207727456923
Organized by Nina,0.0013228038519736973
The Capri,0.0013482754305933578
Bright Movers,0.0013393410635403067
AIRE,0.0013681697306177304
3 Journal Square Apartments,0.00010328011080852237
210-220 East 22nd Street,0.0013755236280471165
Organic Tim’s Cleaning,1.5428151931168694e-05
Linden Hill No 2 Company-Op Corporation,0.0013045317583705238
The Brooklyn Zinc,0.0013483522863399708
Theater House,0.0013597571705030052
S & S Handyman,0.0013113283455536604
Sasha A Gurevich - EXP Realty,0.0011887885725704326
P W V Management,0.0013513335587218176
Citizens International Realty,0.0012442364426423918
Dugald Loughnan - Brown Harris Stevens,0.0013335917924753285
Esplanade Gardens,0.0013709732701245214
51st-52nd St Tenants Corporation,0.0012719124417757386
Jonathan Caldwell Noh,0.0013744874197548571
Penny Lane Owners Corporation,0.0013796414882563935
LoHo Realty,0.0013747144938161921
243 West End Owners,0.0013773627470831267
Airnizer,0.0011531617585341467
Cast Iron Lofts,0.00021213713311187573
Cut The Clutter,0.00134049317252356
Astoria at Hallet's Cove,0.001315400893533938
Joelle Chilazi Compass Jersey City - Hoboken,0.0004637149224533991
Adam Miller - Compass,0.001301956002952499
Carnegie Management,0.0013718434071114936
The Centria,0.0013697940825313992
David Wolff - Compass Real Estate,0.001356328751953904
Mary Kae Higgins - Coldwell Banker Reliable,0.001379997015819227
Mulberry South,0.0013004501121789116
Riva Pointe Developement,0.00039765683306139247
Mr. Handy NYC,0.0013481564766604935
SC Management Company,0.001355887794006137
Anchor Associates Group,0.001384684110847102
The Wave,0.001020268963932329
Waterside Village,4.48289584146055e-05
Third & Valley,1.5353145091140274e-05
Carroll Group Residential,0.0013422015942857503
Liberty Terrace,2.1718199611281864e-05
Beatriz Vargas- The Corcoran Group,0.0013221795540129834
Suzanne Remy Colton-Platinum Properties,0.0013168871755474295
Argo Residential,0.0012892095900727668
The Corcoran Group - Brooklyn Heights,0.0013745396840337681
Dwelling Group Real Estate,0.0013115945718920603
Faisal Masoud - Highline Residential,0.0013653678019517378
Quinn Ferree - Compass,0.001313269811309404
511A Greene Realty,0.0013448307246284245
Military Park Building,2.8962755188008456e-05
Habitat,0.0013239219201179996
Amighini Architectural,0.00010713727915590411
Jonathan Abbou - Village Broker,0.0013424225841680354
Home Solutions,0.0013595470145167574
Jeff Putterman - Beaudoin Realty Group,0.0013176621839875488
LevinChang Team - Keller Williams,0.0013055573401293517
Hitchingham Electric,0.0013595168901138328
The Harrison,0.0013817623703083108
PropertyBook NYC,0.0013261043986930031
Fourth Housing Co,0.001339265744294735
Piere Michel,0.0013248040506706033
Balsam Village,0.0011835121659437512
Rapid Realty CH Loft,0.0013114282721974836
Star Cities Management,0.0013279317939752164
Arid Basement Waterproofing,7.39409646994693e-06
Bridge Suites,0.00134973110843792
Tabak Real Estate,0.0013345454197910586
Brooklyn Connect,0.0013544237288339238
The Brownstones at Englewood South,7.99064529584471e-05
Valet at One Carnegie Hill,0.0013809852629429456
The Manor at Totowa,4.528486762408002e-06
E & Jeryg Management Company,0.0013301349072723967
Jonathan Barsness - Interior Painting,0.001360966983675581
Aleph Living,0.0013644244026793082
Archview Flats,0.000466513022963995
Century 21,0.001317396548975823
Landlord Management,0.001373173193000505
Riverfront at Cranford Station,1.8895755628225448e-05
Olympic City Real Estate,0.0013747187801692491
Renegade New York,0.001160229243751787
The Van Dorn - WAM Partners,0.0013587660129344785
CitiQuiet Soundproof Windows,0.0013175034821492574
118 Fulton Street,0.0013183619120108326
Baby Bodyguards,0.0012458521003645875
Resource Furniture,0.0013775032432017556
Go Green,0.001352530050765067
FENWICK KEATS Real Estate,0.0013447731827184567
River Club at Hudson Park Apartments,0.00031741230039872216
Sylvia Dimova - The Corcoran Group,0.0012968907370766792
Jonis Realty,0.0013430782961685135
372 9th Luxury Rentals,0.00018144992243530333
Piece of Cake Moving & Storage,0.0013765675218169327
Saldo Properties,0.0013687678452474167
Real Renos,0.0013362358067607293
4 Points Properties,0.0013202017288607673
Delta Properties Usa Incorporated,0.0012423115777340974
City Apartment Group,0.0013741908807752836
Post Towers,0.0012998818751770687
Scenic Hill Condominium Association,9.80124157044743e-06
Wood Flooring Masters,0.0013570026214997678
New City Management,0.0013762427351532184
Bartunek Hardware,0.0012488442070030452
19 St Marks Apartments,0.0013257463580938751
Ny Steamers,0.0013375596618599775
Swoon Spaces,0.001329923019757367
Gantry Park Landing,0.0010151985068052548
Urban Spaces Realty Group,0.0012224035931371812
Studio 19 WoodWorks,0.0011318054597843075
65 Bay Street,0.0004175273795509991
The Corcoran Group,0.001331475600684683
Ernst & George Realty Group,0.0012809269388448616
Vermella Crossing,2.2303264834138424e-05
The Maestro Group,0.001308056460494643
DoortoDoor Realty,0.0013602767364772864
Avalon Rockville Centre,4.4741776929501945e-05
Marine Park Apartments,0.0011955519577349692
Chelsea Lane Apartments Management Office,0.0012947699738326247
Mr Maid NY,0.0011547371189439943
Zara Realty,0.0013341036304879393
Liberty Towers,0.0004819019251564329
Done & Done Home,0.001356776765447739
Hagstrom Management,0.0010040017309563046
Croman Real Estate,0.001307226625496768
Corniche,0.0013598437680283715
Paramount Tower Luxury Apartments - Glenwood,0.0013541335469279712
Murray Hill Manor,0.0013621867359964682
Flatbush Patio,0.001332603388624792
Murray Hill Mews,0.0013463151282753628
Realty Depot,0.001340498198207267
Avalon Bay Communities,0.0013398086549246163
Alan Louie Group-Citi Habitats,0.0012741610310010383
Galster Management and East Realty,0.0013528163466322103
Liberty Place Property Management,0.0013704559097043097
CNYC,0.001368595373931955
Aya,0.0013506510949685335
Belisario Cruz Reyn Team - Compass,0.001364084835911823
Organize with Faith,0.0013005823920595617
Liberty Harbor,0.0002487103901918345
