name,latitude,longitude,zipcode,rating,id
Urban Pads,40.6750714,-73.952629,11216,1,1
21 Chelsea,40.741863,-73.994888,10011,2,2
250 East Houston,40.72217,-73.98535,10002,4,3
The Ludlow,40.722111,-73.987095,10002,3,4
Avalon Bowery Place,40.724469,-73.9909079,10003,5,5
The Greystone,40.79109,-73.97347,10024,5,6
Loftey,40.75121,-73.98356,10018,4,7
Post Luminaria,40.737291,-73.978547,10010,1,8
The Lanthian Apartments,40.7433809,-73.9742625,10016,3,9
MiMA,40.75918,-73.99481,10036,2,10
The Dylan,40.7467824,-73.9854604,10016,4,11
24 Fifth Avenue,40.7331,-73.99596,10011,4,12
AVA Fort Greene,40.69408,-73.98288,11201,3,13
The Courtney House,40.7368481,-73.9952869,10011,2,14
The Dakota,40.77652476,-73.97614214,10023,1,15
The Brooklyner Apartments,40.69269,-73.98612,11201,2,16
95 Wall,40.70493,-74.00749,10005,3,17
AVA DoBro,40.69188,-73.98483,11201,2,18
Astoria Apartments,40.768221,-73.8748939,11105,1,19
Historic Front Street,40.7072487,-74.0022583,10038,3,20
APT212,40.72555542,-73.99799347,10012,4,21
The Tate,40.7483893,-74.00534,10011,4,22
Urban American Management,40.7462,-73.9934323,10001,5,23
77 Hudson,40.71459076,-74.035003,7302,1,24
Gotham West,40.76213734,-73.99708713,10036,5,25
200 Water Street Apartments,40.70735845,-74.00462351,10038,3,26
3333 Broadway,40.81999161,-73.95643084,10031,4,27
Prism at Park Avenue South Apartments,40.743618,-73.9851303,10016,5,28
East Village Apartments By Sudha,40.725643,-73.990441,10003,3,29
The Churchill,40.7481314,-73.97315409,10016,4,30
SharedEasy,40.795162,-73.963674,10025,2,31
City Wide Apartments,40.75471851,-73.99200613,10018,1,32
Murray Hill Marquis,40.7459,-73.97929,10016,5,33
Nooklyn,40.72122,-73.98795,10002,3,34
146S4,40.7115622,-73.9620808,11211,2,35
Atlas New York,40.75197,-73.9857,10018,5,36
70 Pine,40.706537,-74.007687,10270,3,37
Building Equity Management,40.7479343,-73.9885689,10001,3,38
The BLVD Collection,40.72252239,-74.0366312,7310,4,39
AKA Central Park,40.76505014,-73.97670403,10019,4,40
75 Wall Street,40.705152,-74.007988,10005,2,41
Village Dwellings,40.73386,-74.00296,10014,1,42
Barclay Tower - Glenwood,40.7123599,-74.00915,10007,3,43
424 Bedford,40.709458,-73.964337,11211,5,44
The Modern,40.85272853,-73.96675963,7024,2,45
Windsor at Liberty House,40.713559,-74.038973,7302,5,46
The Pinnacle,40.7189823,-73.83683047,11375,1,47
The Albert,40.73269,-73.99345,10011,3,48
City Tower,40.6911205,-73.9823872,11201,2,49
Herald Towers,40.74916,-73.98701,10001,2,50
Tribeca Park Luxury Apartments,40.71791202,-74.01479602,10282,2,51
The Edge,40.71944,-73.96224,11211,1,52
388 Bridge,40.6917147,-73.9854865,11201,1,53
Beatrice Apartments,40.74687,-73.99032,10001,5,54
34 Berry,40.7213263,-73.9564168,11249,4,55
Noonan Towers,40.83074,-73.9295999,10452,5,56
Orion Condos,40.7578699,-73.99227,10036,1,57
66 Rockwell Apartments,40.68815358,-73.97940346,11217,1,58
170 Amsterdam Apartments,40.77593,-73.98382,10023,1,59
DVORA Art House,40.72159822,-74.0398809,7302,2,60
88 Leonard,40.7170753,-74.004833,10013,2,61
The Vanguard Chelsea,40.74358,-73.9919199,10010,2,62
Avalon Willoughby Square,40.6918,-73.98449,11201,4,63
Chelsmore Apartments,40.73964,-73.99986,10011,4,64
INSTRATA Gramercy Apartments,40.7385802,-73.9836842,10010,4,65
21 West End,40.77301145,-73.99054635,10069,1,66
London Terrace,40.74751948,-74.00204122,10011,5,67
One Hudson Yards,40.75255,-74.00273,10001,5,68
20 Exchange Place Apartments,40.7056777,-74.0094714,10005,1,69
Sky,40.761309,-73.99881,10036,2,70
One North Fourth,40.71948716,-73.96423853,11249,4,71
Brick & Mortar,40.7183971,-73.9583791,11249,4,72
Avalon Riverview,40.74537,-73.95807,11109,5,73
175 Kent Apartments,40.7179341,-73.9634425,11249,2,74
The Westport,40.76854,-73.98955,10019,4,75
StuyTown,40.731763,-73.98196528,10009,2,76
The Nicole,40.766552,-73.9868622,10019,3,77
TF Cornerstone,40.6884983,-73.9835728,11201,2,78
180 Water Street,40.707,-74.00554,10038,3,79
Metropolis,40.75218848,-73.9741715,10017,1,80
600 Washington Apartments,40.73081,-74.00925,10014,4,81
Avalon Brooklyn Bay,40.58583,-73.95375,11235,2,82
325 Kent,40.7134336,-73.9671576,11249,4,83
110 Horatio Street,40.738624,-74.009432,10014,1,84
89 Murray,40.71509839,-74.01156664,10007,2,85
VIA 57 West,40.7714779,-73.9930129,10019,3,86
The Markle Evangeline Residence,40.73725,-73.99844,10011,2,87
Northside Piers,40.7182094,-73.9625549,11211,2,88
Estuary Apartments,40.763041,-74.021857,7086,1,89
267 Pacific,40.68829,-73.989883,11201,4,90
The Eugene,40.75212794,-73.99902146,10001,3,91
Kips Bay Court,40.74074,-73.97832,10016,4,92
Luxury Apartments LIC,40.74962,-73.93963,11101,4,93
Chrystie,40.72346,-73.9919,10002,2,94
Our Lady of Good Counsel SRO,40.687461,-73.92515,11221,4,95
The Addison,40.688756,-73.9851235,11201,3,96
Lenox Terrace Leasing,40.81326429,-73.94118315,10037,1,97
Newport Jersey City Apartments,40.7264084,-74.0341659,7310,2,98
Hub,40.6874817,-73.9809402,11217,3,99
Watermark LIC,40.746896,-73.9416307,11101,4,100
The Sagamore,40.7898844,-73.9732544,10024,4,101
Halo,40.7464762,-73.9406585,11101,2,102
EOS,40.7477325,-73.9898099,10001,3,103
Frontier Luxury Apartments,40.74864152,-73.97553988,10016,3,104
AKA Sutton Place,40.75787,-73.96457,10022,2,105
461 Dean Apartments,40.681981,-73.975388,11217,3,106
DKLB BKLN,40.68978207,-73.9800477,11201,4,107
Icon Rental Apartments,40.76106,-73.987661,10036,5,108
Sloane Chelsea,40.75301,-73.99582,10001,3,109
Harrison Urby,40.74099,-74.15966,7029,5,110
The Apartment,40.74090576,-74.00679016,10014,4,111
Mandalay on the Hudson,40.721647,-74.033125,7302,1,112
Mantena Apartments,40.756128,-73.996423,10018,4,113
The Colorado,40.77872101,-73.95357842,10028,5,114
Kings and Queens Apartments,40.729032,-73.858493,11374,4,115
Chelsea Stratus Condo,40.74401,-73.9924,10011,4,116
TOWNSEND,40.75493,-73.99431,10018,4,117
West 54th Apartments,40.7675688,-73.9901193,10019,4,118
The Nathaniel,40.7321287,-73.9886136,10003,5,119
NYC Brooklyn Apartment & Bed and Breakfast,40.687489,-73.9764947,11217,1,120
Big Apple Living,40.746903,-73.988146,10001,5,121
The Lexington,40.7452803,-74.0351007,7030,4,122
The Solaire,40.716602,-74.016106,10282,2,123
REAL New York,40.7204931,-73.98816101,10002,2,124
60 Water Street Apartments,40.71424,-74.00642,11201,2,125
Modera Lofts,40.720073,-74.037837,7302,2,126
Skygroup,40.7168007,-74.0035172,10013,4,127
777 6th Avenue Apartments,40.74525,-73.9915,10001,2,128
LeFrak City,40.735235,-73.86418,11368,5,129
Silver Towers,40.76085065,-73.99916414,10036,3,130
22 River Terrace,40.717487,-74.015813,10282,1,131
The Caroline,40.74252,-73.9923,10010,3,132
Waterline Square Luxury Rentals,40.77321,-73.9907,10069,2,133
Two Trees Management,40.7028816,-73.9904334,11201,5,134
MetroNest,40.73014,-73.994141,10003,4,135
Parker Towers,40.72326,-73.84993,11375,2,136
Highline Residential,40.7504361,-73.9841508,10018,5,137
Hayden,40.7476557,-73.9426293,11101,1,138
Parc East Apartments,40.7402116,-73.9795594,10016,3,139
Longacre House Apartments,40.76254,-73.98644,10019,3,140
Home New York,40.706496,-74.009113,10005,2,141
House 39,40.74849611,-73.9746775,10016,2,142
Wood Vitalize,40.77481079,-73.95900726,10075,5,143
Jackson Park,40.7485123,-73.9380978,11101,3,144
25 Jay Street,40.7041884,-73.9864537,11201,2,145
Alexander,40.73240318,-73.86302823,11374,1,146
BKLYN AIR,40.6951294,-73.9830704,11201,5,147
The Eagle,40.69326,-73.9819,11201,5,148
Chelsea Landmark,40.74427987,-73.9912341,10010,5,149
Avalon Clinton,40.7663868,-73.9915846,10019,1,150
Hudson View Gardens,40.85228,-73.93893,10033,3,151
OHM,40.75301355,-74.00373549,10001,1,152
The Balton,40.8119639,-73.950885,10027,5,153
Crescent Club,40.7514791,-73.9395537,11101,1,154
Cooper & Cooper Real Estate,40.7513773,-73.9924884,10119,2,155
Sanctuary Guest Suites,40.720008,-73.983032,10002,5,156
Instrata Brooklyn Heights,40.69385814,-73.99229765,11201,4,157
Avalon Union,40.708313,-74.27837,7083,3,158
The Alabama,40.73382,-73.9943,10003,5,159
180 Montague Apartments,40.6939717,-73.9917525,11201,1,160
NY Casa Group,40.7023659,-73.9888,11201,2,161
RiverHouse 11,40.773838,-74.012282,7086,4,162
AVA High Line,40.751483,-74.002839,10001,3,163
The Ashley,40.77469,-73.99023,10069,2,164
View 34,40.74388996,-73.97273166,10016,2,165
Bayside Bay Club,40.77848,-73.7822599,11360,2,166
The Amberly Apartments,40.6983158,-73.9861812,11201,2,167
Park + Garden,40.75445,-74.0282299,7030,4,168
15 Park Row,40.71134,-74.0079,10038,4,169
111 Worth Street Apartments,40.71584232,-74.00347777,10013,2,170
Leonard Pointe,40.71816,-73.9485,11211,5,171
Parkchester South Condominium,40.841425,-73.860152,10462,3,172
BKLYN  Gold,40.69629,-73.98274,11201,3,173
2222 Jackson,40.744953,-73.946495,11101,3,174
George Washington Apts,40.727073,-73.847434,11375,2,175
Parkside Brooklyn,40.6535993,-73.9643222,11226,2,176
Zeckendorf Towers,40.73405,-73.98892,10003,4,177
Tribeca House - 50 Murray,40.713914,-74.009647,10007,5,178
New York by Gehry,40.71073331,-74.00578551,10038,4,179
The Maximilian,40.74128,-73.95639,11101,3,180
The Capitol,40.7449785,-73.9910454,10001,2,181
420 Kent,40.70993642,-73.96860741,11249,4,182
AVE Union,40.6832838,-74.2374559,7083,1,183
Nolita Group,40.7208772,-73.9961678,10012,3,184
Parc Cameron Apartments,40.7859464,-73.9741874,10024,3,185
Lenox,40.71478,-74.04184,7302,5,186
One Carnegie Hill,40.7851883,-73.947418,10128,4,187
Denizen Bshwk,40.700488,-73.9337622,11206,5,188
Melar,40.79282,-73.97368,10025,5,189
Mercer Arms,40.71824,-74.04476,7302,2,190
The Archive,40.73225661,-74.00798426,10014,2,191
Savoy Park Apartments,40.81659,-73.93733,10037,1,192
21 West,40.7064307,-74.01559219,10006,5,193
Boulevard Gardens,40.75992,-73.879757,11377,5,194
Nooklyn,40.722468,-73.949749,11222,4,195
Vantage Collection,40.713728,-74.0446583,7302,5,196
Jersey City Urby,40.720188,-74.034312,7311,5,197
960 Willoughby Ave,40.697948,-73.930181,11221,5,198
Instrata Park Slope,40.679876,-73.9816554,11217,3,199
Gateway,40.712019,-74.017261,10280,4,200
The Adele,40.72024,-73.97895,10009,1,201
Roomrs,40.718217,-73.9585565,11249,1,202
The Webster Apartments,40.7538191,-73.9969614,10001,5,203
The Exo,40.7726018,-73.9259949,11102,5,204
Windsor Court,40.7443751,-73.9804654,10016,5,205
W Residence,40.70915985,-74.01371002,10006,3,206
Troy Towers,40.761104,-74.02848,7087,5,207
Tower 28,40.74942111,-73.93967916,11101,3,208
235 Grand,40.715923,-74.04484,7302,1,209
Artisan Series,40.7511392,-74.0346298,7030,5,210
The Duchess,40.795299,-73.997641,7047,4,211
184 Kent Avenue Apartments,40.71886508,-73.96439043,11211,3,212
Atelier Apartments,40.71736173,-73.9537837,11211,3,213
Ten23 Apartments,40.7475705,-74.0047154,10011,2,214
Staten Island Urby,40.628903,-74.074141,10304,1,215
The Morgan at Provost Square,40.72023113,-74.040584,7302,1,216
303 East 83rd Apartments,40.776092,-73.952668,10028,1,217
ARO,40.76371799,-73.98399178,10019,5,218
116 John Street,40.707484,-74.005819,10038,3,219
QLIC,40.7517642,-73.9408812,11101,1,220
Flatbush Rentals,40.634834,-73.950256,11210,1,221
River Watch,40.707302,-74.0177,10280,1,222
The Chelsea Apartments,40.7444883,-73.9949465,10011,4,223
Triplemint - New York,40.73892,-73.99257,10011,2,224
Duffield Apartments,40.6966382,-73.9842613,11201,1,225
Liberty Plaza - Glenwood,40.707363,-74.008193,10005,1,226
The Strathmore,40.775355,-73.9501957,10028,3,227
Westminster City Living,40.7288309,-73.9809198,10009,1,228
The Offerman House,40.69112,-73.98451,11201,5,229
The Kestrel,40.64919762,-73.97416351,11218,3,230
Parc Coliseum Apartments,40.77841,-73.98352,10023,5,231
The Epic,40.74851,-73.99039,10001,1,232
Common Living,40.7535575,-73.9781361,10017,1,233
The Lively,40.71921,-74.03882,7302,1,234
Hoyt & Horn,40.68921,-73.98563,11201,5,235
WGD,40.69347,-73.99052,11211,1,236
Level,40.72086,-73.963308,11249,5,237
AVE Clifton,40.8363061,-74.1454969,7012,4,238
15 William NY,40.705264,-74.010347,10005,4,239
101 Bedford,40.7202946,-73.9544731,11211,3,240
Hoboken South Waterfront,40.74083,-74.02748,7030,2,241
Mariner's Landing,40.822195,-73.9752894,7020,3,242
Smith Hanten Properties,40.6865968,-73.990866,11201,1,243
The Zenith at Liberty Harbor,40.7151451,-74.0465469,7302,2,244
Bay One,40.6805658,-74.1044056,7002,1,245
Park Towers South,40.76775739,-73.98335898,10019,2,246
New York Living Solutions,40.70791,-74.0065,10038,1,247
15 Dunham Place,40.71092784,-73.96751404,11211,2,248
Court House Apartments Leasing,40.68968542,-73.99220109,11201,4,249
Warren at York by Windsor,40.71637,-74.03862,7302,2,250
Parc 77 Apartments,40.7859464,-73.9741874,10024,2,251
The Chocolate Factory,40.69612,-73.96814,11205,4,252
Wavecrest Gardens,40.595751,-73.755001,11691,1,253
Dean C Hawthorne - Concord,40.69654252,-73.98714781,11201,2,254
Union Square Apartments,40.7331366,-73.9863198,10003,3,255
Osprey Cove Apartments,40.794846,-74.070125,7094,5,256
Chelsea Tower,40.74482761,-73.99160698,10001,5,257
One Columbus Place,40.7691749,-73.9855688,10019,1,258
Beach Haven Apts #5 & #6,40.58599323,-73.97259414,11223,4,259
300 East 39th Apartments,40.7476,-73.97324,10016,1,260
10 Hanover Square,40.70447,-74.00902,10005,1,261
The Corner,40.7787999,-73.98251,10023,5,262
St Agnes Residence,40.78087234,-73.98233795,10023,4,263
90W,40.70802313,-74.0147531,10006,1,264
NYC Short Lease,40.7508732,-73.9839671,10018,3,265
49 West Twelfth Tenants,40.73569107,-73.99640656,10011,2,266
Quinn,40.71410681,-74.04135124,7302,1,267
Albert Apartment Corporation,40.7327334,-73.9934979,10003,2,268
Harrison Station Apartments,40.740364,-74.157386,7029,3,269
Showcase Realty NYC,40.7177865,-73.8352437,11375,5,270
The Monterey,40.78557,-73.94975,10128,1,271
Broadway Kitchens & Baths,40.7391561,-73.9883058,10010,2,272
Vanderbilt Condominium,40.7494156,-73.9736532,10017,1,273
The Helena,40.770774,-73.991683,10019,3,274
Renaissance,40.70781849,-74.00657433,10038,1,275
Furnished Apartments,40.762738,-73.961035,10065,2,276
333 Grand,40.71641,-74.04882,7302,5,277
Tribeca Pointe,40.7178802,-74.0157471,10282,5,278
Caroline Sinno Photography,40.7076158,-74.005871,10038,2,279
Canal Rubber Supl,40.7204,-74.00301,10013,1,280
568 Union Ave,40.71778,-73.95181,11211,3,281
The Gotham Apartments,40.7167172,-74.0395414,7302,3,282
30 Lincoln Plaza,40.7704996,-73.9815465,10023,3,283
Manhattan Park,40.76518826,-73.94742899,10044,5,284
Vermella Harrison,40.7351742,-74.1551931,7029,3,285
Kings & Queens Apartments,40.587506,-73.955865,11235,5,286
Greenwich Club Residences,40.70782386,-74.01371107,10006,3,287
Innovation Shades,40.7221818,-74.0079635,10013,1,288
Moda Upgraded Living,40.70539114,-73.80244491,11432,1,289
Crystal Point,40.72141654,-74.03202571,7302,4,290
Moda Realty,40.8874608,-73.9075489,10463,2,291
The Grand Tier Luxury Apartments - Glenwood,40.772434,-73.981697,10023,2,292
Cityspire Condo,40.7642846,-73.9796854,10019,3,293
The Westminster,40.741767,-73.996841,10011,1,294
Crystal Glass & Mirror,40.68151,-73.9836,11217,1,295
DVORA Hamilton House,40.72929,-74.05065,7302,3,296
Brown Harris Stevens - Cobble Hill,40.68884549,-73.99314431,11201,3,297
The Ashland,40.6876261,-73.9784665,11217,2,298
The Parkline,40.65797126,-73.96111963,11225,3,299
Mercedes House,40.7677253,-73.9915642,10019,5,300
Upper East Side Apartments,40.7604408,-73.9710388,10022,1,301
295J,40.711806,-74.0562619,7304,1,302
Liberty Realty,40.7408576,-74.0283263,7030,5,303
Journal Squared,40.73264749,-74.06112751,7306,1,304
Halletts Point,40.7737968,-73.9367056,11102,3,305
535 W 43rd Street Apartments,40.7611585,-73.9966607,10036,4,306
111 Kent,40.72037,-73.9615,11249,2,307
NY Living Solutions,40.7242258,-74.0032987,10038,2,308
Helmsley Medical Tower,40.76565417,-73.95430224,10021,4,309
The Visionaire,40.70701484,-74.01690411,10004,2,310
The Victory,40.75935,-73.99609,10036,5,311
Stonehenge NYC,40.76295,-73.98329,10019,1,312
Parkhill City,40.705129,-73.8054458,11432,3,313
be@schermerhorn,40.68953,-73.98647,11201,2,314
Manocherian Bros,40.76103,-73.96765,10155,1,315
The Thread,40.7706,-74.02569,7087,5,316
Carpet Time,40.7535988,-73.9072326,11377,3,317
1 QPS by Stonehenge,40.750597,-73.942264,11101,2,318
70 Greene Apartments,40.71474759,-74.0358284,7302,2,319
North Park Apts,40.79559708,-73.96308899,10025,5,320
Grand Adams Apartments,40.741114,-74.035802,7030,2,321
EHS St. George Towers Residence,40.6977,-73.99357,11201,5,322
46th and Lexington,40.75277,-73.97491,10017,5,323
Chinese Movers,40.611235,-74.002486,11214,5,324
MySpace NYC,40.6739591,-73.9570342,11238,2,325
Fordham Terrace,40.864,-73.90685,10468,2,326
Riverton Square,40.813825,-73.935585,10037,3,327
The Landings at Port Imperial Apartments,40.784205,-74.0027412,7093,4,328
The Marlowe - Glenwood,40.77627,-73.95765,10028,3,329
East River Place Park,40.766512,-73.951335,10021,1,330
The Mayfair - 145 Fourth Avenue,40.73371,-73.98968,10003,1,331
Avalon Cove,40.72296,-74.03499,7310,1,332
The Grand,40.84568,-73.90962,10457,2,333
The Grove,40.74212,-73.99895,10011,3,334
EHS New Yorker Residence,40.7527038,-73.9934785,10001,1,335
740 Park Avenue,40.77084289,-73.96494515,10021,4,336
Devonshire House,40.7324,-73.99363,10003,2,337
The Delmar,40.750618,-73.93792,11101,5,338
The Doric Apartments,40.7521286,-74.0377579,7087,3,339
Donald Lai - The Corcoran Group,40.7156859,-73.9600051,11211,4,340
Avalon North Bergen,40.78954224,-74.02405026,7047,2,341
Hamilton Square,40.72778,-74.04349,7302,5,342
Hudson Harbour Condominiums,40.835195,-73.969935,7020,2,343
Wall Patch,40.67133,-73.93645,11213,5,344
Waterside Plaza,40.738007,-73.973694,10010,5,345
66 Pearl,40.703267,-74.010415,10004,1,346
Shorecrest Towers,40.577538,-73.968757,11235,4,347
Nooklyn,40.67269661,-73.95715415,11238,4,348
The Lucerne - Glenwood,40.77228,-73.95331,10075,4,349
Hudson Crossing Apartments,40.755322,-73.9932872,10018,3,350
Yoreevo,40.7383,-73.99946,10011,1,351
The Arthur,40.7463417,-73.9963989,10001,1,352
TF Cornerstone,40.7459599,-73.9575,11109,2,353
25 Broad at the Exchange,40.70606,-74.01114,10004,3,354
C+C Apartment Management,40.80213,-73.94086,10035,1,355
Fast Tech Pros,40.71177116,-74.00667201,11205,3,356
The Pierre Apartments,40.88936,-74.05578,7601,2,357
The Capstone,40.78250576,-74.00584089,7093,4,358
The Lyric,40.7936568,-73.9730942,10025,3,359
Hylan Dartmouth Staten Island Apartments,40.605018,-74.075592,10305,2,360
VYV,40.7241114,-74.03768193,7302,5,361
The Drake,40.73293,-73.8579199,11374,3,362
Hahne & Co,40.740733,-74.1711359,7102,2,363
NYCMedHousing,40.6897476,-73.9823681,11201,1,364
Avalon West Chelsea,40.752172,-74.0041059,10001,2,365
Kips Bay Towers,40.7432283,-73.9757944,10016,3,366
Zen Space Makers,40.65667505,-74.00719069,11232,3,367
15 Central Park West,40.76973,-73.98088,10023,5,368
GoGo Furniture,40.68965,-73.9825,11201,2,369
The Sierra,40.738567,-73.997812,10011,5,370
Normandie Court,40.7845051,-73.948407,10128,4,371
AKA Times Square,40.75680923,-73.98416138,10036,4,372
Janovic Paint and Decorating Center,40.723954,-74.0034437,10012,4,373
221 Bergen,40.74301785,-74.15961084,7029,4,374
The Ritz Plaza,40.76079,-73.98606,10036,2,375
Manhattan Apartments,40.7787895,-73.9785767,10023,2,376
The Silverstein Collection,40.7244733,-73.8512455,11375,1,377
Hudson Tea Building,40.754933,-74.025627,7030,4,378
Homepolish,40.7431813,-73.9908424,10010,1,379
323 PINE,40.71372,-74.05705,7304,4,380
truffles,40.7238,-74.01089,10013,2,381
VINE Apartments,40.749232,-74.03767,7030,2,382
Rivercross,40.7615399,-73.95034,10044,4,383
Crosstown Management,40.72923,-73.85857,11374,1,384
Spaces Fort Greene,40.68757,-73.97961,11217,5,385
63 Wall Street Apartments,40.70579,-74.00859,10005,5,386
Plaza 400,40.7571,-73.96312,10022,5,387
Equity Residential,40.73081,-74.00925,10014,5,388
The Nevins Condominiums,40.6874384,-73.98201205,11217,1,389
River Place,40.761431,-74.0001225,10036,3,390
30 Park Ave,40.7483215,-73.9809875,10016,1,391
100 Maiden Lane Apartments,40.706718,-74.007217,10038,3,392
Rutherford Station Apartments,40.830183,-74.100644,7073,3,393
7W21,40.74094,-73.99114,10010,5,394
The Braswell Team at Compass,40.7410202,-73.9995575,10011,1,395
OpusArts Painting & Design,40.6327681,-74.0085738,11220,3,396
The Atelier Condo,40.76157139,-73.99939201,10036,1,397
90 West Street,40.70449636,-74.01380665,10006,5,398
Elika Real Estate,40.7283298,-73.9921394,10013,1,399
Furnished Habitat,40.7480199,-73.98466,10016,2,400
Frank Galeano Real Estate,40.68438,-74.00333,11231,1,401
NY City Blinds,40.77080988,-73.9514031,10075,3,402
Residence Hall,40.6358854,-73.9519599,11210,4,403
One Third Ave,40.73887445,-73.64047363,11501,3,404
515 Ovington Ave,40.6326103,-74.0206375,11209,5,405
The Bristol - Glenwood,40.75822,-73.96519,10022,2,406
Dermot,40.76021,-73.9837,10019,1,407
Monterey at Lex,40.7863802,-73.9503972,10029,5,408
Organized by A,40.76387,-73.98619,10019,2,409
Novo417,40.72338,-73.99264,10022,4,410
The Oosten,40.7096138,-73.9683838,11249,1,411
33 Gold Street,40.70884,-74.0058899,10038,1,412
Grove Pointe,40.719832,-74.042177,7302,4,413
163 Washington Ave Apartments,40.693924,-73.966472,11205,3,414
Columbus Square,40.793919,-73.967321,10025,4,415
Ocean Luxury Apartments,40.70503436,-74.0173354,10004,3,416
Brown Harris Stevens - Brooklyn Heights,40.69495,-73.994033,11201,3,417
The Corinthian Apartments,40.746215,-73.9724369,10016,5,418
Modern Spaces-Astoria,40.7655153,-73.9184711,11103,1,419
555 Ten,40.758759,-73.996271,10018,5,420
Gramercy House,40.73737717,-73.98609161,10003,3,421
Gypsy Housing,40.701351,-73.918923,11237,3,422
Summit NYC,40.75149,-73.97235,10017,3,423
Artistic Stone,40.6998084,-74.2325595,7205,3,424
Silk Bldg Condo,40.72807,-73.9937999,10012,2,425
Flushing Commons,40.76044567,-73.82957008,11354,5,426
Portside Towers Apartments,40.71189837,-74.03946837,7302,2,427
Symphony House,40.76597595,-73.98255157,10019,2,428
Dixon Mills,40.72061,-74.04871,7302,5,429
NYC Floor Pro,40.75013,-73.97058,10017,4,430
The Oakman,40.72157499,-74.04050315,7302,4,431
Tudor Realty Services,40.7381061,-73.9880919,10003,3,432
New York Tower,40.747184,-73.97245,10016,2,433
TLF Realty Group,40.86897,-73.91706,10034,2,434
Welcome Home Real Estate,40.74684,-73.91745,11104,3,435
Management Co Babad,40.73277,-74.0088899,10014,3,436
The Harper at Harmon Meadow,40.789303,-74.040685,7094,1,437
Harbor Landing at Garvies Point,40.8629,-73.6366,11542,4,438
LaMatto Properties,40.717199,-73.944585,11211,2,439
Slate NYC,40.73766006,-73.9886182,10003,5,440
80 Meserole Street,40.7077213,-73.9468512,11206,5,441
The Wellesley,40.7695353,-73.9604575,10021,4,442
Harbor 1500,40.76103886,-74.02094026,7086,2,443
Riviera Electric,40.64624,-74.00595,11220,4,444
Leon Cato Photography,40.73880386,-73.87837982,11373,5,445
RiversEdge at Port Imperial,40.772506,-74.013229,7086,5,446
200W60,40.7710018,-73.987724,10023,2,447
AKA United Nations,40.75257,-73.9714,10017,2,448
BRG Talbot,40.709782,-73.828272,11415,2,449
The Andover Luxury Apartments - Glenwood,40.77767,-73.94626,10128,2,450
Lumen Home Designs,40.760827,-73.986223,10036,5,451
The Villas,40.710935,-74.298061,7081,2,452
The Octagon,40.76895552,-73.94371212,10044,1,453
Rennit NYC,40.697911,-73.93638,11206,3,454
Horizon Realty,40.757969,-73.917139,11103,4,455
"MCKB, Manhattan Center for Kitchen and Bath",40.74399941,-73.99112458,10010,4,456
Wall Empire,40.7459698,-73.9869095,10001,1,457
Van Dyke Houses,40.66313553,-73.90490723,11212,2,458
The Milan Apartments,40.742984,-73.993721,10011,4,459
1871 House,40.76424,-73.96739,10065,2,460
3rd Space,40.7308,-74.16695,7105,2,461
Grymes Hills Apts,40.6197295,-74.091566,10301,3,462
Mirador Real Estate,40.734065,-73.9937052,10003,2,463
Skyline Apartments NYC,40.74591,-73.97854,10016,2,464
150 Clermont Ave,40.69358788,-73.97117959,11205,3,465
East Gate Apartments of Nutley,40.807269,-74.142578,7110,2,466
The Tempo Apartments,40.779676,-73.982653,10023,1,467
31 Ocean Parkway,40.649787,-73.974121,11218,1,468
One Madison Park,40.74050903,-73.98810577,10010,5,469
Steel Works Apartments,40.735729,-74.154635,7029,5,470
Related Companies,40.753553,-74.002607,10001,5,471
Linden Plaza Apartment,40.672799,-73.866115,11208,4,472
K&R Realty Management,40.80596,-73.95558,10026,2,473
Brooklyn Equities 11,40.69509543,-73.99089284,11201,5,474
The Wyoming - WAM Partners,40.763847,-73.980759,10019,4,475
Locksmith Brooklyn-4-U,40.714091,-73.960087,11211,5,476
Ellipse Apartments,40.7311415,-74.0324054,7310,2,477
TF Cornerstone,40.75453,-73.997556,10001,3,478
Oxford Property Group,40.750899,-73.983983,10018,5,479
Avalon Morningside Park,40.80233,-73.96171,10025,4,480
Hillel Realty Group,40.70019,-73.90701,11385,2,481
All Points Real Estate,40.6913399,-73.99101,11201,4,482
20 Pine Street,40.70758,-74.00987,10005,2,483
American Copper Buildings,40.74446,-73.97194,10016,5,484
333 River Street Apts,40.74083,-74.02748,7030,5,485
Constantine Village,40.7148331,-74.38805,7901,2,486
Rocket Factory Lofts,40.71197,-73.96383,11249,5,487
55 Hope,40.713371,-73.955559,11211,1,488
Tribeca Tower Luxury Apartments,40.7156376,-74.0059753,10007,2,489
Harbor Pointe,40.67092,-74.09843613,7002,3,490
Flatbush Gardens,40.638377,-73.944235,11210,4,491
KJD AV Design,40.6924,-73.92621,11221,5,492
Beaudoin Realty,40.7495726,-73.8873768,11372,2,493
Universal Realty Group,40.72847,-73.98522,10003,4,494
OfficeOps,40.705357,-73.930364,11237,2,495
Lindsay Park Housing Corporation,40.706365,-73.9501727,11211,4,496
Heatherwood Luxury Rentals,40.8060323,-73.2730123,11725,3,497
1209 Dekalb Apartments,40.69570875,-73.92789022,11221,1,498
Foundry Lofts,40.7096678,-74.0601588,7304,2,499
Independence Plaza,40.71897,-74.01076,10013,3,500
Xchange At Secaucus Junction,40.76439,-74.081236,7094,3,501
Observer Park Apartments,40.73601752,-74.03281778,7030,5,502
"Charie Properties, LLC",40.73408,-73.99177,10003,4,503
Vermella Lyndhurst,40.803582,-74.114254,7071,4,504
Tahar Décor,40.77157593,-73.92648315,11102,2,505
The Oyster at Edgewater Harbor,40.80400848,-73.99121094,7020,1,506
16 Bennett,40.73841,-74.03023,7304,1,507
Avalon Midtown West,40.76189,-73.98541,10019,4,508
Gold Street Lofts,40.701961,-73.982475,11201,3,509
Aurora,40.7501,-73.937219,11101,3,510
The Regent At Liberty Harbor,40.7155609,-74.0475235,7302,1,511
20 Broad,40.70651,-74.01124,10005,2,512
50 Rector Park,40.74149819,-74.16634988,7102,4,513
The Grande at Metro Park,40.556745,-74.317593,8830,1,514
Joanna Mayfield Marks - Brown Harris Stevens,40.6743,-73.97573,11215,4,515
The Cole Apartments,40.780089,-73.9475076,10128,3,516
110 Green Street,40.733442,-73.956463,11222,5,517
800 Sixth,40.7453911,-73.9904866,10001,3,518
ACR Pro Contractors,40.6715814,-73.9932278,11215,5,519
Windsor at Mariners,40.827176,-73.9724644,7020,5,520
Anagram NoMad,40.7448559,-73.9861526,10016,4,521
Dharma Home Suites,40.719826,-74.037109,7302,1,522
Astoria Tower 31,40.76266,-73.925214,11106,3,523
77 Saint Marks Place Apartment Building,40.72797,-73.985596,10003,3,524
Corporate Oakwood,40.7625862,-73.986467,10019,3,525
R.E.M. Residential,40.75091,-73.985109,10018,1,526
The Green,40.79539,-74.19773,7003,4,527
Batra Group Real Estate,40.74419846,-73.98539297,10016,3,528
Town Soho,40.722401,-74.003487,10013,3,529
Element Condos & Apts,40.77159882,-73.98939514,10023,5,530
Empire One Realty,40.7073195,-73.9627006,11211,1,531
Northridge Coop Section 2,40.7578709,-73.8780286,11369,3,532
The Somerset Luxury Apartments - Glenwood,40.76741,-73.953895,10021,3,533
Andrew Jackson Condominium,40.75002,-73.89567,11372,1,534
Waters Edge At Elizabeth,40.64890109,-74.18346673,7206,5,535
Pink Dorms,40.732381,-73.98434,10003,3,536
Edgewater Towne Center,40.825033,-73.973404,7020,1,537
Clinton Street Lofts,40.73613,-74.1707799,7102,5,538
Midwest Court,40.7654991,-73.9886169,10019,4,539
"Urban Real Estate of New York, LLC",40.7371068,-73.9905693,10003,1,541
230 W 105,40.80023736,-73.96746241,10025,4,542
Merlot Management,40.79114,-73.97306,10024,4,543
Crystal Green Luxury Apartments - Glenwood,40.7558762,-73.9925074,10018,1,544
Brownstone Real Estate,40.6849602,-73.9949566,11231,3,545
71 Broadway Apartments,40.70736,-74.0122,10006,5,546
Time Equities,40.73473358,-73.9940567,10003,1,547
The Brompton,40.77807896,-73.9542143,10028,3,548
Brick Real Estate,40.6912499,-73.9971,11201,3,549
Mark Plus Lofts,40.675781,-73.956681,11238,1,550
333 Rector Pl,40.70957,-74.01733,10280,5,551
Jamella Swift - Keller Williams NYC,40.7501421,-73.9782738,10016,2,552
Brooklyn Prime,40.71365,-73.95123,11211,3,553
Emily Sarrat,40.7261258,-73.9956614,10012,5,554
110 Livingston Development,40.69099,-73.98979,11201,5,555
151 East 80th Street,40.7756353,-73.9581411,10075,4,556
Copperwood Real Estate,40.77625,-73.95173,10028,5,557
Posthouse,40.69343,-73.96448,11205,3,558
S & H Equities,40.72197,-73.98765,10002,3,559
TF Cornerstone,40.7472382,-73.9559937,11109,1,560
Ground Up Home Inspections,40.78725,-73.81181,11357,5,561
Vandeck Builders,40.606554,-73.953013,11229,2,562
"New Vista Horizons, Inc.",40.746505,-73.985473,10016,2,563
Avanguard Realty,40.7662961,-73.9205339,11102,1,564
Skyline New Rochelle,40.90926266,-73.78338043,10801,2,565
Platinum Properties,40.7051415,-74.0067386,10005,4,566
Loisaida Realty,40.72512,-73.976325,10009,4,567
New Bedford Management,40.73829,-73.9826,10010,2,568
Gutnick Realty,40.6683,-73.949943,11225,3,569
Crystal House,40.855859,-73.862598,10462,2,570
Pan Am Equities,40.7513642,-73.9718439,10022,1,571
Soho Lofts Jersey City,40.73309369,-74.0452046,7310,3,572
Brooklyn Vertical,40.676372,-73.95071,11216,3,573
New York City Home Improvement Construction Corporation,40.7183233,-73.9799987,10002,2,574
Avalon at Wesmont Station,40.844326,-74.087406,7075,1,575
Shore Towers Condominium,40.776073,-73.929054,11102,3,576
La Premiere,40.7647245,-73.9827009,10019,3,577
Alta,40.749102,-73.936323,11101,3,578
The Biltmore,40.7604348,-73.9870458,10036,2,579
Christie Property Group,40.7077309,-74.0077612,10038,1,580
Buono's Flooring,40.591,-73.97044,11223,5,581
Union Square Property Management,40.72863,-73.98805,10003,5,582
Doric Brokerage,40.62571,-74.02377,11209,3,583
Renoir House Apartments,40.763812,-73.963477,10065,2,584
Brooklyn Heights Real Estate,40.694198,-73.992988,11201,3,585
Highline Residential,40.75501,-73.92497,11106,1,586
Blueground,40.7484834,-73.9892864,10001,3,587
Marc 900 8th Avenue,40.76429,-73.98439,10019,2,588
Aamen Realty,40.77479,-73.91186,11105,4,589
Karin Carson - Keller Williams Realty,40.84266,-74.20835,7043,1,590
Solil Management,40.74899,-73.98625,10001,3,591
Silver Suites Residences,40.7608913,-73.9988421,10036,2,592
Nycha Smith Houses,40.7086613,-73.9990228,10038,2,593
Carrie Bradshaw's Apartment,40.7353277,-74.0037775,10014,5,594
Chatham 44 Condominium,40.76066,-73.99428,10036,2,595
Margules Properties,40.74310827,-73.9800645,10016,3,596
TF Cornerstone,40.70643,-74.0098,10005,1,597
27 on 27th,40.74937467,-73.94033794,11101,4,598
Avalon Yonkers,40.93963,-73.9018,10701,1,599
Ryan Fazio - Bond New York,40.73459,-73.9909799,10003,5,600
Novo Boutique Living,40.72334,-73.99249,10002,5,601
Arabella 101,40.723476,-73.976578,10009,1,602
Camelot at Bayonne,40.64794968,-74.13819451,7002,2,603
Essential New York Real Estate,40.76523,-73.97557,10019,4,604
Ivan Mijalkovic- Corcoran,40.74458,-73.95378,11101,5,605
Beach Haven Management Corporation,40.5861,-73.96821,11223,4,606
River Crossing,40.78635,-73.9424379,10029,1,607
Quarters,40.71723,-73.9903999,10002,5,608
Washington Geo Plaza Apts,40.75044,-73.89247,11372,5,609
172 Montague,40.69410857,-73.99226779,11201,3,610
Quintess Real Estate,40.662511,-73.96142,11225,5,611
The Clutter Whisperer of New York City,40.748102,-73.974019,10016,5,612
Doorkee,40.75270462,-73.9725647,10017,5,613
City Flats,40.6618195,-73.9617081,11225,1,614
Horderly,40.75095,-73.99811,10001,3,615
The Hammel,40.913013,-73.785273,10801,3,616
Seaview Apartments,40.5944059,-74.0711359,10305,5,617
Crisari Realty,40.72924,-73.980293,10009,3,618
50 Columbus,40.7186737,-74.0397491,7302,4,619
Trump Village,40.577426,-73.973792,11224,1,620
Seward Park Cooperative,40.71528441,-73.98641569,10002,1,621
Marjorie Thompson- Washington Realty Corp.,40.673025,-73.963211,11238,1,622
Berman Realty,40.67416125,-73.97581816,11215,5,623
The Pier Apartments,40.719399,-74.031981,7311,4,624
Bellini Terrace,40.63679123,-73.97219849,11218,5,625
Spanish Princess Cleaning Services,40.7185087,-73.9821796,10002,3,626
Maple Gardens,40.729769,-74.22151,7111,2,627
100 Barclay,40.71401657,-74.01270717,10007,4,628
233 Schermerhorn Lofts,40.688603,-73.9847042,11201,2,629
Eleven33,40.73698,-73.95554,11222,3,630
59 Kent - The Landmark Pencil Factory,40.7305254,-73.95880759,11222,2,631
The Highlands at Rye,40.9866753,-73.6842821,10580,2,632
The Pearson Court Square,40.7443832,-73.94436124,11101,1,633
990 Avenue of the Americas,40.75125,-73.98626,10018,5,634
The Corcoran Group - Brooklyn Heights,40.694618,-73.994514,11201,3,635
Student Rental NYC,40.733203,-73.986251,10003,3,636
HZ Computer,40.71480121,-73.9908483,10002,1,637
L Nelson & Associates Real Estate,40.689712,-73.970436,11205,5,638
The Stratford Luxury Apartments - Glenwood,40.768016,-73.953407,10021,5,639
One Day Bath NY,40.62374,-74.00365,11219,1,640
101 West End Apartments,40.7751499,-73.98838,10023,3,641
Daniel Kuperhand - B&H Properties,40.6875866,-73.9795133,11217,2,642
Murray Hill Crescent,40.74663,-73.97598,10016,2,643
Olympia House,40.7514807,-73.9717502,10017,1,644
The Murray Park,40.74633,-73.98032,10016,4,645
77 Park Avenue Apartments,40.7364674,-74.0337599,7030,1,646
Townhouse Management Corporation,40.75968,-73.98993,10019,4,647
Hunter's Point South Commons,40.74351454,-73.9591916,11101,5,648
Delshah Capital,40.74959782,-73.97953033,10003,5,649
Nooklyn,40.70836666,-73.92193403,11237,3,650
Helmuth Pellegrino Team at The Corcoran Group,40.72285,-73.99878,10012,4,651
Biltmore Plaza,40.74297,-73.98057,10016,2,652
The Gateway,40.746828,-74.260812,7079,4,653
Luxe Micro,40.721263,-73.999325,10013,4,654
Toscano Floor Designs,40.75697105,-73.9361928,11101,5,655
Sovereign at Shipyard,40.7529944,-74.0239383,7030,2,656
G&G Tub & Tile Reglazing,40.662129,-74.000193,11232,5,657
Overall Assembly,40.74002075,-73.98552704,10010,2,658
The Hawthorne Apartments,40.660361,-73.696054,11580,3,659
Embankment House,40.7292813,-74.0454248,7302,3,660
RiverParc,40.782264,-74.007819,7086,5,661
Vandeveer Estates,40.638597,-73.9426262,11210,5,662
Queenswood Apartments,40.7387,-73.85897,11368,5,663
The Buchanan,40.75464,-73.97211,10017,2,664
The Monarch,40.80849,-74.082355,7073,5,665
Bohemia Realty Group,40.8040799,-73.95506807,10026,2,666
New York City Electricians,40.72824635,-73.98706302,10003,4,667
Bonnie Berman,40.735191,-74.002479,10014,1,668
The Alexander,40.81641232,-73.98168607,7020,1,669
Shore Haven Apts,40.59867,-74.00191,11214,4,670
"Urban OrgaNYze, LLC",40.76275504,-73.98135744,10019,5,671
Tungsten Property,40.7207274,-73.99837033,10013,3,672
The Marc,40.7645394,-73.983898,10019,1,673
"California Closets - New York, NY",40.775747,-73.94751331,10028,1,674
Murray Hill Tower Apartments,40.7488566,-73.9732339,10016,3,675
Jessica White - The Corcoran Group,40.71578342,-73.95980169,11211,5,676
apartmentjeanie,40.73124,-73.9888,10003,1,677
Silklofts,40.65859,-74.1191,7002,5,678
Twenty50 by Windsor,40.85237388,-73.96519609,7024,1,679
Ocean Towers,40.57439,-73.99106,11224,4,680
Cityproof Windows,40.7520943,-73.9482346,11101,1,681
Standard Living Realty,40.66963,-73.99287,11215,5,682
Eden Rock Owners,40.71336,-73.81638,11435,3,683
Brooklyn's Best AC,40.6712471,-73.9576572,11238,1,684
Riverwalk Crossing,40.75798416,-73.95397949,10044,4,685
A to Z Renovations,40.61743,-73.94198,11234,1,686
Carnegie Park,40.783672,-73.949188,10128,5,687
The Clermont Armory,40.6924599,-73.97054,11205,1,688
Crown Heights Apartments,40.6713636,-73.9432632,11213,5,689
Little Wolf Cabinet Shop,40.77466,-73.9514,10028,2,690
The Bromley,40.78637,-73.97736,10024,3,691
Andy Ryan Photographer,40.71217,-73.96372,11249,5,692
Reis,40.7578609,-73.9824298,10036,1,693
Village Living NYC Rentals,40.7331332,-73.9914431,10003,3,694
West 96th Apartments,40.793337,-73.967587,10025,4,695
Embassy House,40.75295,-73.96951,10017,5,696
Top Quality Management,40.70211,-73.95572,11211,2,697
JC Real Estate Capital,40.615402,-73.987397,11204,2,698
Palisade Terrace Apartments,40.84447,-73.97214,7024,5,699
Bronstein Properties,40.65285,-73.95853,11226,3,700
Brooklyn Warehouse 180,40.69829,-73.98428,11201,3,701
Rol Realty,40.76609,-73.98683,10019,4,702
Galaxy Towers,40.79146586,-74.00045022,7093,5,703
Roeblin Group,40.71561,-73.99027,10002,3,704
The Litvak Team,40.71996275,-73.96123883,11249,2,705
GPS Realty NYC,40.744068,-73.98069,10016,1,706
Hemisphere House,40.76405,-73.97699,10019,5,707
Awaye Realty Management,40.67572,-73.99937,11231,2,708
Spring Creek Towers,40.650168,-73.883684,11239,3,709
Ridgewood Collective,40.6953092,-73.9107336,11237,3,710
The Pierrepont,40.69465036,-73.9914963,11201,5,711
Classic Realty,40.76005,-73.97244,10022,1,712
Avalon Great Neck,40.79679937,-73.71215565,11023,4,713
AXE Realty NYC,40.889653,-73.8989578,10471,3,714
Manhattan Life Real Estate,40.717946,-73.985018,10002,4,715
Serone Realty / Michael Sloan,40.7321607,-74.0018007,10014,4,716
The Junction Group,40.68639,-73.95001,11216,3,717
Choice New York Companies,40.749913,-73.994405,10010,1,718
Lang Realty,40.671475,-73.950044,11216,1,719
World Class Maintenance Inc.,40.83073,-73.41121,11746,2,720
Liberty Green,40.71661,-74.0143499,10282,1,721
Park Plaza Owners Corporation,40.7336552,-73.8621051,11374,4,722
Hippodrome Concierge Services,40.723263,-73.849937,11375,3,723
Canal Lighting and Parts,40.72011,-74.00256,10013,3,724
540 West,40.76465607,-73.99425507,10019,2,725
Window Horizons - Hunter Douglas Shades And Blinds,40.78893,-73.97063,10024,5,726
500 Sterling Place,40.674093,-73.961809,11238,1,727
432 Park Avenue Luxury Apartments,40.7609024,-73.9715958,10022,1,728
67 Wall Street,40.70564,-74.00827,10005,2,729
Urban Dwellers NYC,40.7331085,-73.9978485,10011,3,730
Affordable Housing Real Estate Corporation,40.66428,-73.94398,11225,4,731
Bonnie's Maids,40.729795,-74.033518,7310,3,732
475 Clermont,40.68385008,-73.96895449,11238,1,733
Station at Lyndhurst,40.79920197,-74.09542084,7071,4,734
Stylish Window Treatments,40.758996,-73.962734,10022,2,735
Janovic Paint & Decorating Center,40.7385399,-73.9835353,10010,5,736
Metropolitan & Waterfront Residential Brokerage,40.7265453,-74.0331859,7310,2,737
Citi Living Solutions,40.71933708,-73.8428356,11375,1,738
RiverTrace,40.7835692,-74.0039337,7093,5,739
Bay Ridge Realty,40.61901,-74.03306,11209,4,740
Big Apple Locksmith,40.695013,-73.982843,11201,1,741
Apex Hudson Riverfront,40.931117,-73.90423,10701,5,742
85 John Street,40.708501,-74.006489,10038,4,743
TF Cornerstone,40.74543624,-73.94176483,11109,5,744
Christina Brown Gardens,40.6743924,-73.9577814,11238,5,745
Fraziers Realty,40.6814755,-73.9573103,11238,2,746
Hampton Court Luxury Apartments - Glenwood,40.787599,-73.942633,10029,1,747
Lumber Boys,40.74727325,-73.9744436,10016,5,748
East River Housing Corporation,40.71388,-73.97895,10002,3,749
The Lara NYC,40.71086617,-74.00730283,10038,5,750
Bayonne Bay,40.67073193,-74.09475101,7002,5,751
Woodcrest At Clark,40.62701762,-74.32207845,7066,1,752
Harmon Cove Towers,40.783957,-74.0791161,7094,5,753
Park Bayonne,40.68180548,-74.11122354,7002,1,754
Sovereign Associates,40.8137,-73.9602139,10027,5,755
IFloorNY Hardwood Flooring,40.624443,-74.026966,11209,3,756
The Regent - Glenwood,40.7697983,-73.9838562,10023,1,757
Velsor Realty,40.6274942,-74.0292304,11209,5,758
The Link,40.76362228,-73.98596191,10019,2,759
Strictly Cleaning Restoration,40.66072,-73.99117,11215,2,760
Better Living Properties,40.72232,-73.99199,10002,5,761
Port Liberte,40.69984026,-74.07873653,7305,3,762
Aimco 240 W 73,40.77978389,-73.98261086,10023,2,763
Hollingsworth,40.75148,-73.98611,10018,3,764
The Montenegro of Astoria,40.7686501,-73.9291763,11102,2,765
B'Way Apartments,40.69799,-73.92797,11221,2,766
88 Greenwich,40.70778,-74.01381,10006,1,767
Midtown Luxury Skyrise,40.7602538,-73.9675441,10022,4,768
Progressive General Contractors,40.61570601,-73.95609085,11230,4,769
Beaux Arts Rental Ofc,40.75098801,-73.97032928,10017,2,770
Residential Hunters,40.74310164,-73.99340905,10011,5,771
Tapiro Realty,40.65431,-73.9526999,11226,3,772
The Art of Tint,40.67749955,-73.9962131,11231,4,773
Horizon House,40.8392,-73.97346,7024,4,774
Water's Edge,40.743546,-74.162392,7029,2,775
Mark Greenberg Real Estate Company,40.7608,-73.97326,10022,1,776
Gamo Realty,40.766039,-73.986792,10036,3,777
The Opal,40.725122,-73.812731,11367,5,778
Oakes Pond At Bloomfield,40.8014313,-74.1882345,7003,1,779
Castle Braid,40.6995163,-73.9291153,11206,1,780
Avalon at Edgewater,40.82054896,-73.97798736,7020,4,781
Robin Pollisky,40.71559,-73.99018,10002,4,782
Peace of Mind Realty,40.68587,-73.92346,11221,2,783
Kennan Ash,40.75946,-73.96385,10022,2,784
Start to Finish Organizing,37.79893302,-122.3983587,94111,3,785
City Soundproofing,40.75301,-73.99582,10001,5,786
Domain Properties,40.7487799,-73.98718,10001,3,787
Riverbank,40.761242,-73.9977809,10036,3,788
Premier Metro Realty,40.6773043,-73.9937431,11231,2,789
The VIP Team - COMPASS,40.739291,-74.041095,7030,1,790
DV Locksmith & Hardware,40.768526,-73.92426,11102,3,791
Madox Apartments,40.71384,-74.04094,7032,4,792
Danik Electrical,40.59969,-73.99923,11214,4,793
37 Wall Street,40.70658,-74.01003,10005,4,794
212-PAINTER,40.7445902,-73.9876109,10001,3,795
Teachers Village - Newark,40.73407333,-74.17463167,7102,5,796
Yan Lee - Brooklyn Heights Real Estate,40.6943,-73.99294,11201,4,797
Curtis Chance Realty,40.637883,-73.953373,11210,5,798
Diana Tian - Coldwell Banker Residential Brokerage,40.72056613,-74.0436676,7302,2,799
12 East 88 Street,40.78236,-73.95859,10128,1,800
Casino Home Inspections,40.84481,-73.41182,11746,5,801
Wall The Partition-Temporary Wall NYC-Pressurized Wall NYC,40.73675,-73.89923,11377,1,802
MidCiti Interiors Wallpaper Installation,40.76149,-73.99138,10036,5,803
Perfect Strangers of NYC,40.74659813,-73.99732195,10001,2,804
Briar Oaks,40.89139,-73.9093,10471,3,805
The Sovereign,40.75843,-73.96063,10022,4,806
Blackstone Properties Of New York,40.70648,-74.00912,10005,3,807
The Meurice - WAM Partners,40.765807,-73.978095,10019,2,808
Galaxy Towers Condominium Association,40.79145111,-74.00045022,7093,4,809
Great Neck Maids,40.78696,-73.7274,11021,5,810
The Classic Kew Gardens,40.7094803,-73.8272934,11415,5,811
Billiard Factory Lofts,40.67685,-73.96439,11238,1,812
Cityami,40.720087,-74.000892,10013,3,813
Cobalt Lofts,40.735705,-74.15283,7029,4,814
Kingsbridge Arms,40.874511,-73.902923,10463,3,815
Crown Gardens Housing Corporation,40.6671951,-73.95032242,11225,4,816
295 Central Park West,40.78778,-73.96791,10024,1,817
The Apthorp,40.7837699,-73.98134,10024,2,818
Annette Akers - Serhant,40.72356602,-74.00304106,10016,2,819
Susan Chan Real Estate,40.75976563,-73.98796844,10036,3,820
Perfect Sublet,40.7488409,-73.9871375,10001,3,821
Brooklyn Blocks Real Estate,40.65195,-73.943685,11225,3,822
Ben Bay Realty Co,40.615812,-74.012516,11228,4,823
Citi Habitats,40.72729,-73.99539,10012,3,824
Shabir Ahmad - The Corcoran Group,40.6961241,-73.9970126,11201,4,825
Smith Woodward Plaza,40.67939,-73.9342999,11213,5,826
Aaron Mazor - Town Real Estate,40.7223881,-74.0036039,10013,3,827
Marcos+Bruno Tile Replacement,40.66743469,-73.98274994,11215,3,828
Gentry Apartments,40.65402,-73.94849,11226,5,829
Aquablu,40.7303,-74.03143,7310,4,830
Canco Lofts Condominium Center,40.73826215,-74.0688015,7306,5,831
Pullover,40.71424,-74.00642,10079,5,832
1 Day Window Treatments,40.76615,-73.99179,10019,3,833
Troy Towers,40.7903499,-74.19882,7003,5,834
North Queensview Homes,40.7641594,-73.93481,11106,5,835
Golden Touch Realty & Management,40.7466756,-73.8902686,11373,3,836
The Aldyn,40.7745737,-73.9909786,10069,2,837
American Dream Real Estate,40.7465886,-73.9002912,11377,5,838
Yorkshire Towers,40.77783125,-73.95162559,10028,4,839
360 West 43rd Street,40.758682,-73.991605,10036,2,840
Cliff View Gardens,40.84967422,-74.07808685,7075,1,841
10 East End Avenue,40.77108,-73.948189,10075,3,842
Goldin Management,40.6748,-73.97171,11217,5,843
Goodbye Clutter,40.78332,-73.95644,10128,3,844
Larry The Painter,40.72514,-73.80275,11366,3,845
Kate Spiro Interior Design,40.6967,-73.99003,11201,4,846
The Palisades,40.84765,-73.966198,7024,4,847
Chesterfields NYC,40.743432,-73.999842,10011,5,848
New York Dwellings,40.671867,-73.983711,11215,5,849
Secur-A-Door,40.721091,-73.910324,11378,1,850
Kings County Nurseries,40.659145,-73.947335,11203,3,851
Larstrand,40.78271973,-73.98042592,10024,3,852
NYKB,40.74320224,-73.98984075,10010,1,853
Arta Restoration,40.7173712,-73.8160145,11435,1,854
The Rivington Apartments,40.7519667,-74.0325368,7030,3,855
Dyno Moving,40.704796,-74.007281,10005,2,856
Milstein Properties -4,40.77076721,-73.98157501,10023,1,857
Roomeze,40.67476,-73.963454,11238,5,858
19 Dutch Apartments,40.709399,-74.0077106,10038,3,859
Lexington Painting,40.74551727,-73.98060557,10016,5,860
LL Real Estate Services,40.70721,-74.01748,10280,1,861
River Hill Gardens,40.85705,-73.91653,10453,4,862
Organized by Nina,40.7141,-74.00949,10007,2,863
The Capri,40.84456,-73.910702,10457,5,864
Bright Movers,40.72459192,-73.97467154,10009,4,865
AIRE,40.77556824,-73.98449569,10023,4,866
3 Journal Square Apartments,40.73393518,-74.064115,7306,1,867
210-220 East 22nd Street,40.73779801,-73.9831407,10010,4,868
Organic Tim’s Cleaning,40.7422,-74.26224,7079,4,869
Linden Hill No 2 Company-Op Corporation,40.774659,-73.84317,11354,4,870
The Brooklyn Zinc,40.678116,-73.96472,11238,4,871
Theater House,40.745272,-73.976278,10016,5,872
S & S Handyman,40.757913,-73.9907,10036,4,873
Sasha A Gurevich - EXP Realty,40.70256833,-73.99504167,11201,4,874
P W V Management,40.79466641,-73.96627285,10025,5,875
Citizens International Realty,40.6453,-73.94824,11226,2,876
Dugald Loughnan - Brown Harris Stevens,40.73377,-73.99115,10003,5,877
Esplanade Gardens,40.823448,-73.9374596,10039,3,878
51st-52nd St Tenants Corporation,40.74756622,-73.91255188,11377,2,879
Jonathan Caldwell Noh,40.69468406,-73.9899214,11201,5,880
Penny Lane Owners Corporation,40.73937,-73.98209,10010,1,881
LoHo Realty,40.713875,-73.980049,10002,5,882
243 West End Owners,40.77938,-73.985107,10023,5,883
Airnizer,40.7477797,-73.9559199,11109,1,884
Cast Iron Lofts,40.734613,-74.044656,7310,5,885
Cut The Clutter,40.78247,-73.9508,10128,3,886
Astoria at Hallet's Cove,40.7675705,-73.9350967,11106,5,887
Joelle Chilazi Compass Jersey City - Hoboken,40.716918,-74.035274,7302,5,888
Adam Miller - Compass,40.736366,-73.993751,10011,5,889
Carnegie Management,40.7050528,-73.9492603,11206,2,890
The Centria,40.75754,-73.97932,10036,2,891
David Wolff - Compass Real Estate,40.678189,-73.944116,11216,4,892
Mary Kae Higgins - Coldwell Banker Reliable,40.629814,-74.0228163,11209,3,893
Mulberry South,40.72509,-73.994415,10012,1,894
Riva Pointe Developement,40.7582922,-74.0253654,7086,2,895
Mr. Handy NYC,40.7422769,-73.9066801,11377,1,896
SC Management Company,40.76337,-73.97451,10019,5,897
Anchor Associates Group,40.76038557,-73.96813792,10022,5,898
The Wave,40.7183991,-73.963233,11249,3,899
Waterside Village,40.8546223,-74.0334507,7643,1,900
Third & Valley,40.74334033,-74.26137866,7079,3,901
Carroll Group Residential,40.75282669,-73.97830963,10017,3,902
Liberty Terrace,40.8313463,-74.0955802,7073,1,903
Beatriz Vargas- The Corcoran Group,40.68721,-73.97591,11217,2,904
Suzanne Remy Colton-Platinum Properties,40.707095,-74.010088,10005,2,905
Argo Residential,40.738739,-73.994763,10011,2,906
The Corcoran Group - Brooklyn Heights,40.6951099,-73.9911132,11201,1,907
Dwelling Group Real Estate,40.63179,-74.0297,11209,2,908
Faisal Masoud - Highline Residential,40.68088,-73.93743,11233,2,909
Quinn Ferree - Compass,40.737636,-73.9929658,10011,2,910
511A Greene Realty,40.70669,-73.96064,11211,1,911
Military Park Building,40.73836,-74.16914,7102,3,912
Habitat,40.74261,-73.98083,10016,2,913
Amighini Architectural,40.739915,-74.06085,7306,4,914
Jonathan Abbou - Village Broker,40.735,-74.00648,10014,5,915
Home Solutions,40.792271,-73.966105,10025,3,916
Jeff Putterman - Beaudoin Realty Group,40.7495201,-73.8877127,11372,5,917
LevinChang Team - Keller Williams,40.718074,-74.003486,10013,5,918
Hitchingham Electric,40.727988,-73.981201,10009,4,919
The Harrison,40.78152226,-73.9802232,10023,4,920
PropertyBook NYC,40.70793,-73.830627,11415,4,921
Fourth Housing Co,40.73404,-73.8075713,11365,3,922
Piere Michel,40.7077951,-74.0074731,10038,2,923
Balsam Village,40.673969,-73.848709,11417,4,924
Rapid Realty CH Loft,40.693356,-73.955589,11205,1,925
Star Cities Management,40.7246061,-73.9996645,10012,5,926
Arid Basement Waterproofing,40.9890116,-74.0959518,7450,2,927
Bridge Suites,40.76046788,-73.9620626,10022,4,928
Tabak Real Estate,40.716308,-74.009941,10013,1,929
Brooklyn Connect,40.672951,-73.9536789,11216,2,930
The Brownstones at Englewood South,40.8828603,-73.99121776,7631,1,931
Valet at One Carnegie Hill,40.785185,-73.947418,10128,3,932
The Manor at Totowa,40.90203857,-74.22195435,7512,1,933
E & Jeryg Management Company,40.64297,-73.97851,11218,2,934
Jonathan Barsness - Interior Painting,40.6705627,-73.9861784,11215,5,935
Aleph Living,40.759624,-73.978733,10111,4,936
Archview Flats,40.655214,-74.135523,7002,2,937
Century 21,40.74532,-73.88864,11373,2,938
Landlord Management,40.69277573,-73.99127197,11201,3,939
Riverfront at Cranford Station,40.654169,-74.301901,7016,1,940
Olympic City Real Estate,40.742466,-73.918688,11104,4,941
Renegade New York,40.7049499,-73.92847,11237,4,942
The Van Dorn - WAM Partners,40.765511,-73.978508,10019,4,943
CitiQuiet Soundproof Windows,40.78404363,-73.96857816,11101,1,944
118 Fulton Street,40.70997,-74.00742,10038,1,945
Baby Bodyguards,40.61681,-73.93217,11234,5,946
Resource Furniture,40.7607444,-73.9669261,10022,2,947
Go Green,40.6859,-73.98172,11217,1,948
FENWICK KEATS Real Estate,40.7436295,-73.9835739,10016,1,949
River Club at Hudson Park Apartments,40.937115,-73.902456,10701,3,950
Sylvia Dimova - The Corcoran Group,40.69472,-73.99447,11201,4,951
Jonis Realty,40.72964545,-73.9871156,10003,2,952
372 9th Luxury Rentals,40.7289862,-74.0502451,7302,2,953
Piece of Cake Moving & Storage,40.7395643,-73.9862545,10010,2,954
Saldo Properties,40.77043152,-73.95284271,10021,5,955
Real Renos,40.7501421,-73.9782738,10016,2,956
4 Points Properties,40.7190816,-74.0090777,10013,3,957
Delta Properties Usa Incorporated,40.63357,-74.08622,10301,5,958
City Apartment Group,40.74595,-73.98287,10016,3,959
Post Towers,40.7090948,-74.0148912,10006,5,960
Scenic Hill Condominium Association,40.7607888,-74.2968458,7052,4,961
Wood Flooring Masters,40.75564,-73.971368,10022,3,962
New City Management,40.86988,-73.91612,10034,3,963
Bartunek Hardware,40.77554,-73.91406,11105,4,964
19 St Marks Apartments,40.72913,-73.98859,10003,2,965
Ny Steamers,40.7637495,-73.9846917,10019,1,966
Swoon Spaces,40.78273,-73.95143,10128,5,967
Gantry Park Landing,40.743337,-73.9579717,11101,1,968
Urban Spaces Realty Group,40.6485315,-73.9991747,11232,3,969
Studio 19 WoodWorks,40.64561812,-74.02391257,11220,5,970
65 Bay Street,40.71979,-74.03619,7302,5,971
The Corcoran Group,40.694797,-73.993476,11201,4,972
Ernst & George Realty Group,40.7016,-73.88779,11385,3,973
Vermella Crossing,40.755653,-74.142851,7032,4,974
The Maestro Group,40.79758,-73.93386,10035,5,975
DoortoDoor Realty,40.6412199,-74.07604,10301,2,976
Avalon Rockville Centre,40.659559,-73.650428,11570,4,977
Marine Park Apartments,40.6080818,-73.9393311,11229,5,978
Chelsea Lane Apartments Management Office,40.737642,-73.993685,10011,2,979
Mr Maid NY,40.7190963,-73.9561158,11249,1,980
Zara Realty,40.7096923,-73.796265,11432,4,981
Liberty Towers,40.71321,-74.03556,7302,4,982
Done & Done Home,40.728103,-73.999626,10012,2,983
Hagstrom Management,40.716925,-73.965813,11249,2,984
Croman Real Estate,40.72576,-73.99667,10012,1,985
Corniche,40.77854,-73.9508199,10128,4,986
Paramount Tower Luxury Apartments - Glenwood,40.74793625,-73.9746933,10016,3,987
Murray Hill Manor,40.74547,-73.97867,10016,4,988
Flatbush Patio,40.659442,-73.961219,11225,4,989
Murray Hill Mews,40.74826,-73.97669,10016,1,990
Realty Depot,40.72489697,-73.84991064,11375,5,991
Avalon Bay Communities,40.74555,-73.9941599,10001,5,992
Alan Louie Group-Citi Habitats,40.7274513,-73.9952545,10012,4,993
Galster Management and East Realty,40.709812,-74.005368,10038,1,994
Liberty Place Property Management,40.769284,-73.982562,10023,3,995
CNYC,40.77574,-73.98026,10023,5,996
Aya,40.746924,-73.988091,10001,3,997
Belisario Cruz Reyn Team - Compass,40.6870936,-73.9804088,11217,4,998
Organize with Faith,40.757929,-73.985506,10032,4,999
Liberty Harbor,40.7162192,-74.0470641,7304,2,1000